Date,Open,High,Low,Close,Volume
17-Jan-12,-,-,-,7.15,0
13-Jan-12,-,-,-,7.33,0
12-Jan-12,7.60,7.65,7.60,7.65,200
11-Jan-12,7.67,7.73,7.65,7.65,10499
10-Jan-12,7.73,7.80,7.51,7.73,4000
9-Jan-12,7.45,7.60,7.40,7.60,1600
6-Jan-12,7.45,7.95,7.45,7.95,1225
5-Jan-12,7.67,7.75,7.47,7.48,4375
4-Jan-12,7.55,7.69,7.47,7.47,12211
3-Jan-12,7.45,7.69,7.45,7.55,2860
30-Dec-11,-,-,-,7.44,0
29-Dec-11,7.34,7.75,7.20,7.69,6100
28-Dec-11,7.63,7.63,7.30,7.35,33463
27-Dec-11,7.79,7.79,7.65,7.75,3084
23-Dec-11,-,-,-,7.93,0
22-Dec-11,7.73,8.10,7.73,8.10,1050
21-Dec-11,7.94,7.98,7.73,7.73,5701
20-Dec-11,7.98,7.99,7.60,7.89,8611
19-Dec-11,8.02,8.02,7.70,7.90,3007
16-Dec-11,8.02,8.03,7.99,7.99,1899
15-Dec-11,8.01,8.04,7.88,8.00,5671
14-Dec-11,8.01,8.18,7.98,8.10,1684
13-Dec-11,8.02,8.13,7.89,7.96,4362
12-Dec-11,8.01,8.40,8.01,8.06,949
9-Dec-11,8.21,8.49,8.12,8.18,9814
8-Dec-11,8.21,8.47,8.19,8.19,4100
7-Dec-11,8.21,8.23,8.21,8.21,8052
6-Dec-11,8.30,8.49,8.23,8.30,5510
5-Dec-11,8.16,8.50,8.16,8.20,3830
2-Dec-11,8.17,8.17,7.91,7.91,2500
1-Dec-11,8.20,8.50,7.71,8.18,19408
30-Nov-11,8.22,8.43,8.18,8.43,2176
29-Nov-11,8.10,8.10,8.10,8.10,2600
28-Nov-11,7.98,8.09,7.95,8.09,18848
23-Nov-11,-,-,-,8.03,0
22-Nov-11,8.01,8.04,7.56,7.98,1800
21-Nov-11,8.20,8.20,8.20,8.20,100
18-Nov-11,-,-,-,8.24,0
17-Nov-11,-,-,-,8.25,0
16-Nov-11,8.47,8.47,8.00,8.30,3403
14-Nov-11,-,-,-,8.49,0
11-Nov-11,8.48,8.48,8.04,8.04,556
10-Nov-11,-,-,-,8.04,0
9-Nov-11,8.39,8.50,8.39,8.50,4595
8-Nov-11,8.39,8.39,8.27,8.27,1377
7-Nov-11,8.21,8.38,8.21,8.38,1303
4-Nov-11,8.31,8.39,8.31,8.39,400
3-Nov-11,8.33,8.41,8.31,8.31,4070
2-Nov-11,8.30,8.41,8.24,8.24,4157
1-Nov-11,-,-,-,8.05,0
31-Oct-11,-,-,-,8.40,0
28-Oct-11,8.39,8.39,8.35,8.35,262
27-Oct-11,8.41,8.41,8.41,8.41,100
26-Oct-11,-,-,-,8.51,0
25-Oct-11,8.46,8.50,8.46,8.50,455
24-Oct-11,8.53,8.58,8.53,8.58,281
21-Oct-11,8.75,8.75,8.09,8.28,1862
20-Oct-11,8.25,8.25,8.25,8.25,204
19-Oct-11,8.25,8.38,8.25,8.38,510
18-Oct-11,8.35,8.35,8.01,8.25,4784
17-Oct-11,8.50,8.50,8.47,8.47,397
13-Oct-11,-,-,-,8.50,0
12-Oct-11,8.33,8.37,8.27,8.30,600
11-Oct-11,8.16,8.50,8.16,8.50,600
10-Oct-11,8.13,8.50,8.10,8.16,2400
5-Oct-11,-,-,-,8.44,0
4-Oct-11,8.50,8.50,8.43,8.46,919
3-Oct-11,8.71,8.72,8.43,8.43,3200
30-Sep-11,8.67,8.67,8.35,8.58,1765
28-Sep-11,-,-,-,8.60,0
27-Sep-11,8.35,8.68,8.35,8.67,1487
26-Sep-11,8.12,8.43,8.12,8.35,2501
23-Sep-11,8.28,8.42,8.10,8.35,1850
22-Sep-11,8.11,8.11,8.11,8.11,500
21-Sep-11,8.24,8.24,8.22,8.22,301
19-Sep-11,-,-,-,8.48,0
16-Sep-11,8.52,8.87,8.52,8.87,411
15-Sep-11,8.51,8.51,8.51,8.51,250
14-Sep-11,8.90,8.95,8.21,8.89,1605
13-Sep-11,8.50,8.50,8.50,8.50,469
12-Sep-11,9.00,9.00,8.66,8.66,900
9-Sep-11,9.00,9.00,8.90,9.00,3041
8-Sep-11,8.91,9.00,8.91,8.93,500
7-Sep-11,8.75,8.75,8.66,8.66,603
6-Sep-11,8.96,8.96,8.96,8.96,200
1-Sep-11,-,-,-,8.62,0
31-Aug-11,8.64,8.66,8.64,8.66,318
29-Aug-11,-,-,-,9.00,0
24-Aug-11,-,-,-,8.90,0
22-Aug-11,-,-,-,8.80,0
19-Aug-11,-,-,-,8.65,0
18-Aug-11,8.56,8.65,8.45,8.65,3731
16-Aug-11,-,-,-,8.39,0
15-Aug-11,8.55,8.57,8.01,8.01,2947
12-Aug-11,8.25,8.57,8.25,8.32,1610
11-Aug-11,8.27,8.57,8.16,8.25,3646
10-Aug-11,8.38,8.46,8.23,8.46,1700
9-Aug-11,0.00,8.36,8.00,8.33,1200
8-Aug-11,8.20,8.32,8.00,8.32,2769
5-Aug-11,8.26,8.45,8.21,8.45,1200
4-Aug-11,8.58,8.58,8.58,8.58,150
2-Aug-11,-,-,-,8.59,0
1-Aug-11,8.49,8.60,8.49,8.52,910
29-Jul-11,8.23,8.25,8.16,8.24,3700
28-Jul-11,8.25,8.25,8.10,8.24,4100
27-Jul-11,8.34,8.35,8.01,8.01,4875
26-Jul-11,-,-,-,8.49,0
25-Jul-11,-,-,-,8.39,0
22-Jul-11,8.77,8.83,8.77,8.81,1000
21-Jul-11,-,-,-,8.65,0
20-Jul-11,8.80,8.80,8.80,8.80,100
19-Jul-11,8.71,8.90,8.71,8.85,5370
18-Jul-11,8.81,8.81,8.80,8.80,700
15-Jul-11,8.89,8.95,8.89,8.89,2300
14-Jul-11,9.02,9.02,8.86,8.86,1000
13-Jul-11,9.50,9.50,8.98,9.00,24015
12-Jul-11,-,-,-,9.10,0
11-Jul-11,-,-,-,9.08,0
8-Jul-11,9.06,9.10,9.04,9.04,700
7-Jul-11,9.09,9.10,9.09,9.10,2500
6-Jul-11,9.10,9.10,9.04,9.05,800
5-Jul-11,9.20,9.20,9.20,9.20,2005
1-Jul-11,-,-,-,9.20,0
30-Jun-11,9.20,9.25,9.15,9.20,4008
29-Jun-11,9.25,9.25,8.94,9.20,2109
27-Jun-11,-,-,-,9.25,0
24-Jun-11,9.03,9.09,9.03,9.09,800
23-Jun-11,9.20,9.20,9.20,9.20,100
22-Jun-11,9.01,9.06,8.90,9.02,2370
21-Jun-11,-,-,-,9.02,0
20-Jun-11,-,-,-,9.04,0
17-Jun-11,9.03,9.06,9.03,9.05,1759
16-Jun-11,9.00,9.00,9.00,9.00,200
15-Jun-11,-,-,-,8.80,0
14-Jun-11,9.21,9.25,8.92,9.25,20900
13-Jun-11,8.85,9.18,8.85,9.18,4672
10-Jun-11,8.91,9.19,8.91,9.01,2000
8-Jun-11,-,-,-,9.00,0
7-Jun-11,8.88,8.88,8.86,8.88,1100
6-Jun-11,8.86,8.86,8.86,8.86,2325
3-Jun-11,9.09,9.25,9.09,9.19,400
2-Jun-11,-,-,-,8.95,0
1-Jun-11,9.05,9.05,8.95,8.95,2271
31-May-11,9.19,9.20,9.01,9.01,3664
27-May-11,-,-,-,9.25,0
26-May-11,9.29,9.29,9.20,9.20,2400
25-May-11,9.29,9.29,9.24,9.29,750
24-May-11,9.11,9.29,9.03,9.29,2150
23-May-11,9.20,9.25,9.20,9.25,1500
20-May-11,9.22,9.22,9.14,9.20,2900
19-May-11,9.10,9.22,9.10,9.22,450
18-May-11,9.10,9.23,9.10,9.23,400
17-May-11,9.06,9.06,9.02,9.06,1200
16-May-11,9.22,9.25,9.07,9.25,1423
13-May-11,9.20,9.20,9.20,9.20,100
12-May-11,8.93,9.25,8.93,9.15,6494
11-May-11,9.10,9.25,9.00,9.19,2525
10-May-11,9.03,9.10,9.02,9.02,1725
9-May-11,9.29,9.29,9.02,9.02,2510
6-May-11,8.95,9.00,8.90,8.98,3500
5-May-11,-,-,-,9.00,0
4-May-11,-,-,-,8.97,0
3-May-11,8.93,8.93,8.93,8.93,200
2-May-11,8.87,8.99,8.53,8.99,3339
29-Apr-11,8.50,8.76,8.50,8.76,6250
28-Apr-11,8.75,8.75,8.60,8.65,1900
27-Apr-11,8.48,8.50,8.48,8.50,6187
26-Apr-11,8.46,8.48,8.46,8.48,3400
25-Apr-11,8.45,8.49,8.45,8.49,705
21-Apr-11,-,-,-,8.40,0
20-Apr-11,8.21,8.48,8.16,8.46,3550
19-Apr-11,8.15,8.50,8.13,8.18,4221
18-Apr-11,8.36,8.48,8.19,8.48,852
15-Apr-11,8.15,8.36,8.15,8.30,527
14-Apr-11,8.36,8.45,8.10,8.13,12320
13-Apr-11,8.47,8.53,8.42,8.43,3123
12-Apr-11,8.42,8.42,8.42,8.42,500
11-Apr-11,-,-,-,8.32,0
8-Apr-11,8.38,8.48,8.34,8.34,1500
7-Apr-11,-,-,-,8.40,0
6-Apr-11,8.41,8.42,8.35,8.40,4705
5-Apr-11,8.47,8.47,8.40,8.40,2050
4-Apr-11,8.51,8.51,8.47,8.47,2951
1-Apr-11,8.72,8.72,8.44,8.49,1350
31-Mar-11,8.51,8.65,8.50,8.53,1214
30-Mar-11,8.75,8.75,8.50,8.50,11518
29-Mar-11,8.27,8.75,8.27,8.62,9583
28-Mar-11,8.44,8.75,8.40,8.40,5078
25-Mar-11,8.25,8.48,8.25,8.40,1312
24-Mar-11,8.42,8.42,8.36,8.36,200
23-Mar-11,8.46,8.46,8.25,8.25,7270
22-Mar-11,8.55,8.58,8.37,8.40,5583
21-Mar-11,8.50,8.52,8.39,8.50,11856
18-Mar-11,8.32,8.40,8.31,8.32,1919
17-Mar-11,8.34,8.34,8.30,8.30,796
16-Mar-11,8.60,8.61,8.34,8.34,4049
15-Mar-11,8.60,8.60,8.60,8.60,200
14-Mar-11,-,-,-,8.78,0
11-Mar-11,8.70,8.70,8.28,8.55,950
10-Mar-11,8.61,8.89,8.50,8.70,6932
9-Mar-11,8.83,8.85,8.71,8.74,915
8-Mar-11,8.65,8.74,8.64,8.64,3376
7-Mar-11,8.68,8.68,8.39,8.50,6592
4-Mar-11,8.50,8.50,8.50,8.50,617
3-Mar-11,8.45,8.50,8.40,8.50,4041
2-Mar-11,8.33,8.67,8.33,8.38,14853
1-Mar-11,8.50,8.50,8.50,8.50,9369
28-Feb-11,8.50,8.55,8.39,8.50,9100
25-Feb-11,8.50,8.50,8.48,8.50,3150
24-Feb-11,8.52,8.52,8.35,8.38,4601
23-Feb-11,8.53,8.56,8.50,8.50,3100
22-Feb-11,8.69,8.95,8.69,8.69,3270
18-Feb-11,-,-,-,8.75,0
17-Feb-11,8.51,8.67,8.50,8.67,3662
16-Feb-11,8.20,8.75,8.20,8.42,5316
15-Feb-11,8.20,8.21,8.09,8.18,2600
14-Feb-11,8.33,8.33,8.06,8.19,3100
11-Feb-11,-,-,-,8.39,0
10-Feb-11,8.50,8.50,8.45,8.45,8700
9-Feb-11,8.50,8.50,8.50,8.50,4400
8-Feb-11,-,-,-,8.52,0
7-Feb-11,8.65,8.75,8.51,8.51,7800
4-Feb-11,8.75,8.75,8.60,8.65,3261
3-Feb-11,8.75,8.75,8.75,8.75,1600
2-Feb-11,-,-,-,8.65,0
1-Feb-11,8.52,8.52,8.52,8.52,300
31-Jan-11,8.58,8.95,8.58,8.94,1200
28-Jan-11,8.52,8.52,8.49,8.50,2239
27-Jan-11,8.52,8.52,8.26,8.30,9543
26-Jan-11,8.54,8.59,8.51,8.55,16150
25-Jan-11,8.95,8.95,8.58,8.60,16383
24-Jan-11,8.75,8.75,8.70,8.71,11106
21-Jan-11,8.78,8.86,8.69,8.86,3665
20-Jan-11,8.78,8.78,8.78,8.78,935
19-Jan-11,9.15,9.15,9.00,9.00,2483
18-Jan-11,9.17,9.17,9.15,9.15,515
14-Jan-11,-,-,-,9.20,0
13-Jan-11,9.24,9.31,9.20,9.20,3059
11-Jan-11,-,-,-,9.44,0
10-Jan-11,9.39,9.45,9.23,9.44,1953
7-Jan-11,9.23,9.40,9.23,9.40,1717
6-Jan-11,9.41,9.41,9.08,9.23,2000
5-Jan-11,8.98,9.12,8.98,9.12,500
4-Jan-11,9.09,9.09,8.65,8.65,1204
3-Jan-11,8.82,8.82,8.70,8.70,789
31-Dec-10,8.99,8.99,8.80,8.90,3405
30-Dec-10,8.57,8.75,8.55,8.66,4295
28-Dec-10,-,-,-,8.66,0
27-Dec-10,8.62,8.62,8.58,8.58,950
22-Dec-10,-,-,-,8.98,0
21-Dec-10,8.96,9.39,8.70,8.70,2300
20-Dec-10,9.07,9.39,8.96,8.96,2156
17-Dec-10,9.40,9.40,9.26,9.26,1199
15-Dec-10,-,-,-,9.40,0
14-Dec-10,9.33,9.50,9.33,9.44,12430
13-Dec-10,9.46,9.46,9.32,9.34,500
10-Dec-10,9.01,9.34,9.01,9.34,3090
9-Dec-10,9.06,9.25,9.00,9.05,3633
8-Dec-10,9.25,9.25,9.25,9.25,163
7-Dec-10,9.25,9.25,9.25,9.25,300
6-Dec-10,9.09,9.35,9.09,9.27,2346
3-Dec-10,8.93,9.43,8.92,9.24,5879
2-Dec-10,8.97,8.97,8.85,8.85,300
1-Dec-10,8.62,8.96,8.60,8.84,1961
30-Nov-10,9.00,9.00,8.91,8.91,400
29-Nov-10,9.35,9.35,8.92,8.92,1225
26-Nov-10,8.78,9.40,8.70,9.40,1410
24-Nov-10,-,-,-,9.49,0
22-Nov-10,-,-,-,8.86,0
17-Nov-10,-,-,-,8.61,0
10-Nov-10,-,-,-,8.69,0
9-Nov-10,8.50,8.50,8.50,8.50,117
8-Nov-10,8.77,8.77,8.51,8.51,2640
5-Nov-10,8.76,8.76,8.76,8.76,100
3-Nov-10,-,-,-,8.84,0
2-Nov-10,8.78,8.78,8.57,8.75,1693
1-Nov-10,8.62,8.80,8.62,8.80,200
29-Oct-10,8.80,8.88,8.60,8.69,1128
28-Oct-10,8.65,8.67,8.60,8.60,600
27-Oct-10,8.75,8.75,8.75,8.75,500
25-Oct-10,-,-,-,8.66,0
22-Oct-10,8.60,8.60,8.60,8.60,250
21-Oct-10,8.68,8.90,8.65,8.65,2350
20-Oct-10,8.55,8.61,8.55,8.61,3814
19-Oct-10,8.58,8.69,8.58,8.69,2525
18-Oct-10,8.69,8.71,8.20,8.21,7255
15-Oct-10,8.52,8.99,8.05,8.09,16597
14-Oct-10,8.45,8.75,8.17,8.44,8565
13-Oct-10,8.41,8.65,8.39,8.50,12276
12-Oct-10,8.53,8.53,8.53,8.53,700
11-Oct-10,8.52,8.71,8.51,8.53,2700
8-Oct-10,8.76,8.76,8.65,8.69,1300
7-Oct-10,8.75,8.75,8.50,8.70,1700
6-Oct-10,8.78,8.93,8.34,8.68,5309
4-Oct-10,-,-,-,8.47,0
1-Oct-10,8.94,8.94,8.32,8.44,1500
30-Sep-10,9.15,9.15,8.76,8.76,3535
29-Sep-10,9.11,9.11,8.87,8.87,200
28-Sep-10,8.53,9.09,8.47,8.91,10020
27-Sep-10,8.60,8.98,8.39,8.79,2100
24-Sep-10,8.43,8.43,8.39,8.39,2540
23-Sep-10,8.75,8.80,8.40,8.55,3580
22-Sep-10,8.80,8.80,8.80,8.80,100
20-Sep-10,-,-,-,8.95,0
17-Sep-10,8.94,8.94,8.94,8.94,409
14-Sep-10,-,-,-,8.39,0
13-Sep-10,8.48,8.84,8.39,8.39,6610
10-Sep-10,8.93,8.93,8.51,8.62,1100
9-Sep-10,8.33,8.44,8.32,8.44,16033
8-Sep-10,8.91,9.00,8.44,8.44,5730
7-Sep-10,8.48,8.90,8.48,8.90,10527
3-Sep-10,-,-,-,8.48,0
2-Sep-10,8.32,8.47,7.81,8.24,2310
1-Sep-10,8.31,8.31,8.16,8.16,800
31-Aug-10,8.50,8.50,8.50,8.50,214
30-Aug-10,8.50,8.50,8.50,8.50,1240
27-Aug-10,8.50,8.50,8.50,8.50,143
26-Aug-10,8.56,8.56,8.46,8.46,600
24-Aug-10,-,-,-,8.30,0
23-Aug-10,-,-,-,8.30,0
20-Aug-10,8.25,8.35,8.25,8.35,3893
19-Aug-10,8.39,8.43,8.16,8.25,7300
18-Aug-10,8.12,8.38,8.00,8.38,6303
17-Aug-10,8.00,8.14,7.91,8.07,4200
16-Aug-10,8.49,8.64,8.12,8.18,4200
13-Aug-10,8.51,8.51,8.50,8.50,2600
12-Aug-10,8.61,8.61,8.60,8.60,462
11-Aug-10,8.80,8.80,8.80,8.80,400
10-Aug-10,8.48,8.90,8.48,8.77,1292
9-Aug-10,8.20,8.53,8.20,8.53,2409
6-Aug-10,8.25,8.35,8.08,8.35,1704
5-Aug-10,8.44,8.70,8.16,8.31,1945
4-Aug-10,8.34,8.94,8.34,8.72,14769
3-Aug-10,7.95,8.45,7.72,8.29,5921
2-Aug-10,7.98,8.42,7.95,7.95,1566
30-Jul-10,7.95,8.00,7.95,8.00,1390
29-Jul-10,8.45,8.45,7.98,7.99,2000
28-Jul-10,7.63,8.07,7.63,7.95,665
27-Jul-10,8.53,8.53,7.53,7.57,4384
26-Jul-10,8.53,8.56,8.33,8.52,5893
23-Jul-10,7.52,8.80,7.30,8.56,12094
22-Jul-10,7.74,7.74,7.50,7.62,7500
21-Jul-10,-,-,-,7.57,0
20-Jul-10,-,-,-,7.57,0
19-Jul-10,7.85,7.85,7.50,7.53,3363
16-Jul-10,7.73,7.73,7.60,7.60,763
15-Jul-10,7.52,7.73,7.51,7.67,2510
14-Jul-10,7.72,7.79,7.54,7.76,6339
13-Jul-10,7.80,8.00,7.78,7.78,12106
12-Jul-10,7.98,7.98,7.53,7.63,6690
9-Jul-10,7.93,7.93,7.75,7.92,5521
8-Jul-10,8.12,8.12,7.84,7.93,3767
7-Jul-10,8.80,8.80,8.11,8.11,4189
6-Jul-10,8.33,8.56,8.31,8.36,1402
2-Jul-10,-,-,-,8.32,0
1-Jul-10,8.55,8.55,8.09,8.18,5879
30-Jun-10,8.18,8.70,8.18,8.51,5016
29-Jun-10,8.22,8.22,7.95,8.18,9746
28-Jun-10,7.92,8.25,7.78,7.84,6551
25-Jun-10,7.88,8.47,7.80,8.06,282742
24-Jun-10,8.65,8.70,7.81,7.81,12673
23-Jun-10,7.77,8.70,7.77,8.70,7920
22-Jun-10,7.85,8.32,7.72,7.75,14147
21-Jun-10,8.29,8.53,7.73,7.79,3159
18-Jun-10,7.90,8.24,7.66,8.22,12677
17-Jun-10,7.87,8.14,7.83,7.83,1171
16-Jun-10,7.74,8.24,7.74,8.03,3738
15-Jun-10,7.75,7.77,7.55,7.74,3263
14-Jun-10,7.66,7.66,7.55,7.55,825
11-Jun-10,7.73,7.84,7.55,7.84,3272
10-Jun-10,7.92,7.96,7.68,7.87,7935
9-Jun-10,7.75,7.91,7.75,7.82,3057
8-Jun-10,7.81,7.95,7.50,7.65,1703
7-Jun-10,7.75,8.02,7.46,8.02,5703
4-Jun-10,7.75,8.39,7.75,7.77,4365
3-Jun-10,7.75,8.68,7.75,8.56,1982
2-Jun-10,7.73,8.15,7.60,8.15,2416
1-Jun-10,8.01,8.15,7.86,7.86,8217
28-May-10,-,-,-,7.95,0
27-May-10,8.20,8.61,8.03,8.21,3410
26-May-10,7.85,8.06,7.85,7.99,1517
25-May-10,7.75,7.89,7.75,7.81,1279
24-May-10,7.93,8.04,7.75,7.84,3849
21-May-10,7.85,8.05,7.85,7.96,6037
20-May-10,8.21,8.28,7.89,7.89,8413
19-May-10,8.08,8.38,8.07,8.38,2451
18-May-10,8.62,8.62,7.89,8.07,5407
17-May-10,8.28,8.28,7.89,8.02,5415
14-May-10,8.34,8.35,8.19,8.19,1942
13-May-10,8.64,8.70,8.59,8.65,1181
12-May-10,9.14,9.14,8.84,9.04,4244
11-May-10,9.10,9.25,8.73,9.19,5259
10-May-10,8.41,9.00,8.26,9.00,6412
7-May-10,8.31,8.60,8.18,8.18,3141
6-May-10,8.15,8.37,8.04,8.04,5878
5-May-10,8.77,8.77,8.10,8.25,9878
4-May-10,9.11,9.11,8.79,8.87,4333
3-May-10,9.04,9.17,8.85,9.03,3510
30-Apr-10,9.19,9.19,8.97,8.99,2656
29-Apr-10,9.26,9.26,9.12,9.19,4514
28-Apr-10,9.28,9.33,9.25,9.29,2319
27-Apr-10,9.30,9.30,9.26,9.26,2867
26-Apr-10,9.41,9.55,9.26,9.40,1427
23-Apr-10,8.90,9.50,8.90,9.50,7286
22-Apr-10,9.21,9.21,8.91,8.99,3914
21-Apr-10,8.96,9.13,8.91,9.13,4275
20-Apr-10,9.02,9.04,8.96,9.03,3069
19-Apr-10,9.01,9.16,8.95,9.00,31404
16-Apr-10,9.27,9.29,9.02,9.15,32019
15-Apr-10,9.20,9.32,8.94,9.26,5617
14-Apr-10,9.27,9.27,9.10,9.25,6543
13-Apr-10,9.14,9.25,9.12,9.25,510
12-Apr-10,9.19,9.39,9.06,9.21,1529
9-Apr-10,9.47,9.47,8.97,9.38,2351
8-Apr-10,8.96,9.31,8.92,9.22,10490
7-Apr-10,8.96,9.30,8.92,9.08,5514
6-Apr-10,9.31,9.31,8.98,9.06,7057
5-Apr-10,8.97,9.50,8.87,9.50,10426
31-Mar-10,9.00,9.25,8.92,9.22,16929
30-Mar-10,8.86,9.00,8.86,8.93,6734
29-Mar-10,9.18,9.18,9.00,9.00,701
26-Mar-10,8.99,9.10,8.99,9.00,1841
25-Mar-10,8.86,8.86,8.83,8.83,780
24-Mar-10,8.86,8.92,8.86,8.90,1352
23-Mar-10,9.00,9.07,8.86,8.86,1798
22-Mar-10,8.82,9.08,8.71,8.99,6277
19-Mar-10,8.75,8.79,8.73,8.79,4358
18-Mar-10,8.84,8.85,8.60,8.65,2000
17-Mar-10,8.92,8.99,8.82,8.88,3100
16-Mar-10,8.93,9.07,8.87,9.07,9665
15-Mar-10,8.92,8.95,8.87,8.95,1136
12-Mar-10,8.95,8.95,8.61,8.75,888
11-Mar-10,8.91,8.98,8.91,8.98,1321
10-Mar-10,8.91,8.98,8.88,8.98,3878
9-Mar-10,8.81,8.88,8.42,8.88,1927
8-Mar-10,8.52,8.86,8.52,8.86,7206
5-Mar-10,8.50,8.62,8.45,8.52,4908
4-Mar-10,8.50,8.76,8.44,8.45,14629
3-Mar-10,8.45,8.48,8.37,8.48,3029
2-Mar-10,8.38,8.45,8.38,8.45,1976
1-Mar-10,8.31,8.47,8.25,8.28,25170
26-Feb-10,8.23,8.33,8.01,8.30,10485
25-Feb-10,8.02,8.29,7.50,8.13,6491
24-Feb-10,7.99,8.15,7.99,8.09,2548
23-Feb-10,8.10,8.15,7.67,8.07,2612
22-Feb-10,7.95,8.14,7.77,8.14,7332
19-Feb-10,7.65,7.97,7.65,7.97,2190
18-Feb-10,7.89,7.92,7.59,7.59,824
17-Feb-10,7.79,7.90,7.60,7.89,5165
16-Feb-10,7.78,7.79,7.61,7.74,2028
12-Feb-10,-,-,-,7.69,0
11-Feb-10,7.42,7.70,7.42,7.54,2732
10-Feb-10,7.30,7.48,7.30,7.46,2213
9-Feb-10,7.46,7.64,7.40,7.64,3881
8-Feb-10,7.55,7.55,7.40,7.40,665
5-Feb-10,7.33,7.54,7.30,7.40,2349
4-Feb-10,7.71,7.81,7.30,7.30,2068
3-Feb-10,7.96,8.05,7.76,7.77,4526
2-Feb-10,8.35,8.35,7.92,7.92,3685
1-Feb-10,8.02,8.20,7.78,8.15,9586
29-Jan-10,7.51,8.09,7.51,8.09,20028
28-Jan-10,7.76,7.94,7.40,7.46,5439
27-Jan-10,7.85,7.85,7.73,7.77,2067
26-Jan-10,7.50,7.50,7.32,7.34,1342
25-Jan-10,7.42,7.43,7.30,7.30,3261
22-Jan-10,7.43,7.46,7.28,7.38,5225
21-Jan-10,7.30,7.41,7.22,7.22,7862
20-Jan-10,7.66,7.66,7.22,7.40,6790
19-Jan-10,7.68,7.90,7.50,7.72,6864
15-Jan-10,-,-,-,7.68,0
14-Jan-10,7.43,7.70,7.41,7.60,6360
13-Jan-10,7.52,7.52,7.27,7.45,2118
12-Jan-10,7.67,7.74,7.40,7.47,12424
11-Jan-10,7.62,7.62,7.46,7.46,499
8-Jan-10,7.67,7.68,7.49,7.55,6885
7-Jan-10,7.78,7.78,7.60,7.62,1108
6-Jan-10,7.81,7.94,7.61,7.81,4341
5-Jan-10,7.76,7.93,7.75,7.86,1737
4-Jan-10,7.45,7.85,7.45,7.75,5830
31-Dec-09,-,-,-,7.39,0
30-Dec-09,7.22,7.49,7.22,7.46,11143
29-Dec-09,7.22,7.28,7.22,7.26,801
28-Dec-09,7.30,7.49,7.19,7.36,4570
24-Dec-09,7.23,7.39,7.23,7.30,3300
23-Dec-09,7.18,7.44,7.18,7.26,3825
22-Dec-09,7.25,7.41,7.24,7.24,5531
21-Dec-09,7.48,7.48,7.24,7.43,5166
18-Dec-09,7.36,7.47,7.18,7.47,14889
17-Dec-09,7.24,7.43,7.24,7.35,2332
16-Dec-09,7.19,7.44,7.19,7.31,11125
15-Dec-09,7.52,7.65,7.17,7.40,9242
14-Dec-09,7.40,7.63,7.24,7.52,2368
11-Dec-09,7.60,7.60,7.46,7.56,1649
10-Dec-09,7.57,7.57,7.37,7.43,1321
9-Dec-09,7.35,7.74,7.31,7.54,3998
8-Dec-09,7.40,7.61,7.33,7.60,21748
7-Dec-09,7.06,7.49,7.06,7.45,1310
4-Dec-09,7.24,7.48,7.10,7.39,3015
3-Dec-09,7.47,7.47,7.20,7.20,1265
2-Dec-09,7.28,7.70,7.28,7.50,8413
1-Dec-09,7.07,7.48,7.05,7.25,4037
30-Nov-09,7.25,7.26,7.00,7.01,4704
27-Nov-09,7.40,7.40,7.22,7.22,1119
25-Nov-09,7.47,7.49,7.38,7.40,2696
24-Nov-09,7.50,7.82,7.40,7.50,10085
23-Nov-09,7.30,7.69,7.17,7.42,5248
20-Nov-09,7.15,7.42,7.00,7.33,4613
19-Nov-09,7.21,7.45,7.11,7.17,11379
18-Nov-09,7.50,7.50,7.05,7.31,11289
17-Nov-09,7.64,7.64,7.05,7.29,11105
16-Nov-09,7.48,7.90,7.13,7.70,13096
13-Nov-09,7.23,7.62,7.19,7.30,6709
12-Nov-09,7.60,7.60,7.17,7.46,30924
11-Nov-09,7.60,7.70,7.60,7.60,4164
10-Nov-09,7.71,7.95,7.56,7.64,7771
9-Nov-09,7.66,7.83,7.53,7.76,13487
6-Nov-09,7.54,7.68,7.51,7.68,6319
5-Nov-09,7.75,7.75,7.51,7.70,6415
4-Nov-09,7.87,7.87,7.52,7.65,3528
3-Nov-09,7.70,7.82,7.51,7.82,2013
2-Nov-09,7.78,7.99,7.51,7.58,12300
30-Oct-09,7.70,7.81,7.70,7.72,5755
29-Oct-09,7.59,7.86,7.59,7.86,2146
28-Oct-09,7.53,7.62,7.50,7.58,6727
27-Oct-09,7.55,7.78,7.50,7.55,6944
26-Oct-09,7.79,8.00,7.55,7.64,28604
23-Oct-09,7.98,7.98,7.75,7.75,959
22-Oct-09,8.17,8.19,7.70,7.98,6474
21-Oct-09,8.15,8.15,7.71,7.81,15115
20-Oct-09,8.26,8.26,7.71,7.81,12590
19-Oct-09,8.23,8.23,7.59,7.75,15488
16-Oct-09,8.27,8.27,7.62,7.68,18058
15-Oct-09,7.88,8.77,7.88,8.32,10655
14-Oct-09,7.87,7.89,7.87,7.89,569
13-Oct-09,7.80,7.80,7.54,7.54,1886
12-Oct-09,7.78,7.95,7.75,7.75,2398
9-Oct-09,7.99,7.99,7.99,7.99,489
8-Oct-09,7.61,7.90,7.61,7.76,1189
7-Oct-09,8.00,8.00,7.70,7.90,4213
6-Oct-09,7.80,8.00,7.78,7.90,2015
5-Oct-09,7.90,8.28,7.75,8.01,5406
2-Oct-09,7.88,7.96,7.88,7.96,881
1-Oct-09,8.44,8.49,8.11,8.11,3108
30-Sep-09,8.81,8.81,8.28,8.56,2476
29-Sep-09,8.86,8.86,8.25,8.40,3168
28-Sep-09,8.85,8.85,8.81,8.81,3920
25-Sep-09,8.84,8.88,8.26,8.26,1176
24-Sep-09,9.00,9.00,8.25,8.25,750
23-Sep-09,8.46,8.63,8.38,8.43,956
22-Sep-09,8.76,8.79,8.50,8.70,2341
21-Sep-09,8.03,8.97,8.01,8.71,4700
18-Sep-09,7.96,8.02,7.70,7.99,13527
17-Sep-09,-,-,-,7.99,0
16-Sep-09,7.82,8.33,7.75,7.99,12935
15-Sep-09,8.04,8.29,7.95,7.95,4200
14-Sep-09,7.54,8.21,7.54,8.09,4061
11-Sep-09,8.72,8.72,8.17,8.20,9400
10-Sep-09,8.49,8.78,8.24,8.78,2142
9-Sep-09,8.36,8.52,8.36,8.52,813
8-Sep-09,9.00,9.00,8.36,8.40,2229
4-Sep-09,8.70,8.70,8.70,8.70,124
3-Sep-09,8.50,8.86,8.47,8.71,1200
2-Sep-09,8.46,8.69,8.45,8.69,704
1-Sep-09,8.99,8.99,8.41,8.41,965
31-Aug-09,8.52,8.72,8.49,8.71,8119
28-Aug-09,8.88,8.90,8.41,8.41,5147
27-Aug-09,8.93,8.99,8.28,8.80,767
26-Aug-09,8.98,9.00,8.80,8.81,2159
25-Aug-09,8.90,8.90,8.09,8.44,400
24-Aug-09,8.76,8.98,8.51,8.93,2603
21-Aug-09,8.48,9.00,8.48,9.00,5791
20-Aug-09,8.50,8.50,7.90,8.24,1412
19-Aug-09,7.64,8.44,7.64,8.44,1181
18-Aug-09,7.50,7.64,7.30,7.64,948
17-Aug-09,7.35,7.63,7.30,7.30,3028
14-Aug-09,7.64,7.64,7.36,7.38,1472
13-Aug-09,7.36,7.64,7.36,7.64,2591
12-Aug-09,7.46,7.54,7.31,7.54,14559
10-Aug-09,7.71,8.00,7.30,7.63,10317
7-Aug-09,8.37,8.37,7.73,7.95,12561
6-Aug-09,8.35,8.35,7.66,7.66,1224
5-Aug-09,7.86,7.86,7.86,7.86,861
4-Aug-09,8.74,8.76,8.12,8.53,1297
3-Aug-09,8.41,8.96,8.38,8.74,3027
31-Jul-09,8.21,8.75,7.62,8.50,4389
30-Jul-09,8.49,8.49,7.85,8.03,11899
29-Jul-09,8.86,8.86,7.84,8.06,5813
28-Jul-09,9.00,9.00,8.74,8.94,2715
27-Jul-09,9.00,9.00,7.81,8.86,1770
24-Jul-09,7.87,8.67,7.87,8.60,9412
23-Jul-09,7.51,8.28,7.51,8.28,7883
22-Jul-09,7.67,7.77,7.50,7.72,7271
21-Jul-09,7.31,7.60,7.31,7.60,2808
20-Jul-09,7.35,7.91,7.20,7.24,3687
17-Jul-09,7.65,7.65,7.18,7.18,4370
16-Jul-09,7.21,7.63,7.21,7.63,842
15-Jul-09,7.59,7.63,7.35,7.60,10314
14-Jul-09,7.39,7.60,7.09,7.60,11299
13-Jul-09,7.28,7.52,7.25,7.50,8130
10-Jul-09,7.71,7.71,7.50,7.51,11620
9-Jul-09,7.85,7.90,7.62,7.62,3276
8-Jul-09,8.00,8.23,7.61,7.61,7395
7-Jul-09,8.21,8.21,7.54,7.99,5450
6-Jul-09,7.55,8.13,7.55,8.08,9229
2-Jul-09,8.17,8.53,7.51,7.83,5258
1-Jul-09,8.50,8.69,8.01,8.40,6030
30-Jun-09,8.84,8.84,8.00,8.00,7213
29-Jun-09,8.90,8.90,8.02,8.19,16223
26-Jun-09,9.48,9.54,8.81,8.90,363949
25-Jun-09,9.38,9.40,8.83,9.40,7491
24-Jun-09,9.30,9.39,8.76,9.33,3667
23-Jun-09,8.83,9.25,8.80,9.19,3759
22-Jun-09,8.85,9.39,8.80,9.10,4600
19-Jun-09,9.40,9.40,9.40,9.40,506
18-Jun-09,8.75,9.40,8.75,9.32,600
17-Jun-09,9.20,9.43,8.76,9.43,1525
16-Jun-09,9.17,9.43,8.93,9.42,1290
15-Jun-09,9.23,9.79,9.06,9.60,3125
12-Jun-09,9.59,9.80,9.06,9.80,1942
11-Jun-09,9.65,9.70,9.47,9.47,5337
10-Jun-09,9.73,9.73,8.74,9.60,1770
9-Jun-09,9.70,9.72,9.00,9.52,8012
8-Jun-09,9.50,9.70,8.55,9.65,3964
5-Jun-09,8.85,9.50,8.67,9.50,2697
4-Jun-09,9.00,9.07,8.85,9.07,6821
3-Jun-09,8.85,9.00,8.85,9.00,4450
2-Jun-09,-,-,-,8.97,0
1-Jun-09,9.02,9.20,8.97,8.97,4045
29-May-09,8.75,9.20,8.75,9.20,400
28-May-09,8.60,9.00,8.60,9.00,700
27-May-09,8.80,9.00,8.80,9.00,700
26-May-09,8.92,9.20,8.26,9.20,2200
22-May-09,8.74,8.97,8.74,8.97,2600
21-May-09,8.72,8.72,8.72,8.72,100
20-May-09,8.50,8.51,8.50,8.51,1200
19-May-09,8.01,8.50,8.00,8.48,1538
18-May-09,8.44,8.70,8.44,8.70,2635
15-May-09,7.90,8.47,7.65,8.47,1050
14-May-09,-,-,-,8.27,0
13-May-09,7.90,8.27,7.90,8.27,703
12-May-09,7.88,8.27,7.85,8.27,1683
11-May-09,7.65,8.21,7.65,8.21,1100
8-May-09,7.75,7.75,7.75,7.75,700
7-May-09,7.45,7.70,7.42,7.70,4720
6-May-09,7.45,7.45,7.45,7.45,1853
5-May-09,7.45,7.45,7.45,7.45,4498
4-May-09,7.45,7.45,7.45,7.45,150
1-May-09,7.25,7.45,7.25,7.45,4764
30-Apr-09,-,-,-,7.49,0
29-Apr-09,7.23,7.49,7.00,7.49,1620
28-Apr-09,7.50,7.70,7.50,7.70,293
27-Apr-09,-,-,-,7.31,0
24-Apr-09,-,-,-,7.31,0
23-Apr-09,-,-,-,7.31,0
22-Apr-09,7.34,7.35,7.31,7.31,336
21-Apr-09,6.75,6.75,6.65,6.65,1083
20-Apr-09,6.75,6.76,6.75,6.76,2496
17-Apr-09,-,-,-,6.75,0
16-Apr-09,7.50,7.50,6.75,6.75,1394
15-Apr-09,-,-,-,6.75,0
14-Apr-09,6.75,6.75,6.75,6.75,303
13-Apr-09,7.50,7.50,7.50,7.50,210
9-Apr-09,6.81,6.88,6.75,6.88,997
8-Apr-09,-,-,-,7.65,0
7-Apr-09,7.64,7.65,7.64,7.65,200
6-Apr-09,7.69,7.69,7.69,7.69,1000
3-Apr-09,7.67,7.67,7.63,7.63,424
2-Apr-09,-,-,-,7.66,0
1-Apr-09,7.67,7.67,7.66,7.66,245
31-Mar-09,7.70,7.70,6.75,6.79,2057
30-Mar-09,7.50,7.50,7.50,7.50,100
27-Mar-09,-,-,-,7.25,0
26-Mar-09,7.22,7.25,7.22,7.25,1188
25-Mar-09,-,-,-,7.00,0
24-Mar-09,6.90,7.00,6.59,7.00,1050
23-Mar-09,6.52,7.00,6.52,7.00,365
20-Mar-09,-,-,-,7.00,0
19-Mar-09,7.00,7.00,7.00,7.00,450
18-Mar-09,-,-,-,7.00,0
17-Mar-09,6.80,7.00,6.80,7.00,200
16-Mar-09,-,-,-,6.50,0
13-Mar-09,-,-,-,6.50,0
12-Mar-09,6.47,6.50,6.47,6.50,600
11-Mar-09,6.17,6.50,6.17,6.50,1784
10-Mar-09,-,-,-,5.89,0
9-Mar-09,6.00,6.00,5.52,5.89,5913
6-Mar-09,6.80,6.99,6.05,6.05,8040
5-Mar-09,7.21,7.21,6.75,6.98,6358
4-Mar-09,7.69,7.69,7.69,7.69,200
3-Mar-09,7.70,7.70,7.00,7.22,1818
2-Mar-09,7.55,7.55,6.85,7.10,2247
27-Feb-09,6.72,6.72,6.70,6.70,2500
26-Feb-09,7.53,7.53,6.98,7.00,400
25-Feb-09,6.50,7.51,6.50,7.20,9131
24-Feb-09,6.95,6.95,6.80,6.80,3265
23-Feb-09,6.87,6.96,6.87,6.96,1699
20-Feb-09,6.29,6.90,6.29,6.81,9678
19-Feb-09,6.82,6.90,6.50,6.90,17930
18-Feb-09,6.70,6.70,6.60,6.70,2700
17-Feb-09,6.09,6.90,6.05,6.90,4754
13-Feb-09,6.89,6.90,6.73,6.90,400
12-Feb-09,-,-,-,6.78,0
11-Feb-09,6.78,6.78,6.78,6.78,160
10-Feb-09,6.11,6.20,6.00,6.20,3797
9-Feb-09,6.25,6.25,6.25,6.25,780
6-Feb-09,6.12,6.12,6.05,6.05,482
5-Feb-09,-,-,-,6.14,0
4-Feb-09,6.14,6.18,6.14,6.14,1482
3-Feb-09,6.50,6.50,6.50,6.50,300
2-Feb-09,6.50,6.50,6.50,6.50,4967
30-Jan-09,6.35,6.35,6.05,6.14,1420
29-Jan-09,6.25,6.82,6.05,6.50,7379
28-Jan-09,-,-,-,6.50,0
27-Jan-09,6.50,6.72,6.50,6.50,575
26-Jan-09,-,-,-,6.50,0
23-Jan-09,-,-,-,6.50,0
22-Jan-09,6.29,6.50,6.29,6.50,1186
21-Jan-09,7.23,7.23,6.89,6.89,1000
20-Jan-09,6.89,6.89,6.89,6.89,155
16-Jan-09,7.12,7.12,6.25,6.25,1000
15-Jan-09,-,-,-,6.25,0
14-Jan-09,7.03,7.03,6.25,6.25,2000
13-Jan-09,-,-,-,6.57,0
12-Jan-09,7.31,7.34,6.57,6.57,500
9-Jan-09,7.00,7.00,6.57,6.57,500
8-Jan-09,7.70,7.70,7.00,7.00,3844
7-Jan-09,7.24,7.69,7.24,7.30,1355
6-Jan-09,-,-,-,7.04,0
5-Jan-09,7.25,7.25,7.04,7.04,1065
2-Jan-09,6.45,7.25,6.45,7.25,4861
31-Dec-08,6.78,6.78,6.01,6.45,7503
30-Dec-08,5.56,6.25,5.56,6.25,12428
29-Dec-08,5.50,5.98,5.50,5.98,25785
26-Dec-08,5.53,5.93,5.51,5.86,7268
24-Dec-08,5.40,5.40,5.40,5.40,3000
23-Dec-08,5.70,6.23,5.15,5.15,5220
22-Dec-08,5.60,5.75,5.60,5.75,25006
19-Dec-08,5.79,5.79,5.60,5.60,2604
18-Dec-08,5.80,6.00,5.80,5.80,3225
17-Dec-08,5.80,5.80,5.76,5.76,450
16-Dec-08,5.75,5.86,5.75,5.86,3800
15-Dec-08,6.56,6.56,5.51,5.51,14660
12-Dec-08,6.52,7.22,6.52,6.55,2900
11-Dec-08,6.46,6.46,6.46,6.46,200
10-Dec-08,6.99,7.00,6.96,6.96,3541
9-Dec-08,7.00,7.00,7.00,7.00,100
8-Dec-08,6.79,7.50,6.79,6.80,4570
5-Dec-08,-,-,-,6.70,0
4-Dec-08,6.75,6.75,6.70,6.70,1736
3-Dec-08,7.00,7.01,6.60,6.60,2545
2-Dec-08,7.00,7.00,7.00,7.00,1000
1-Dec-08,-,-,-,6.75,0
28-Nov-08,6.75,6.77,6.75,6.75,1735
26-Nov-08,6.76,6.76,6.76,6.76,100
25-Nov-08,-,-,-,6.58,0
24-Nov-08,6.16,6.58,6.05,6.58,5236
21-Nov-08,6.75,6.76,6.74,6.75,1760
20-Nov-08,7.28,7.28,6.75,7.00,6806
19-Nov-08,7.30,7.30,7.25,7.25,200
18-Nov-08,7.28,7.28,7.25,7.25,300
17-Nov-08,7.46,8.14,7.30,7.53,605
14-Nov-08,8.07,8.20,7.96,7.96,1100
13-Nov-08,-,-,-,8.01,0
12-Nov-08,8.01,8.01,8.01,8.01,500
11-Nov-08,8.30,8.30,8.30,8.30,400
10-Nov-08,7.52,8.34,7.05,7.05,6231
7-Nov-08,-,-,-,8.34,0
6-Nov-08,8.34,8.34,7.66,8.34,2300
5-Nov-08,-,-,-,8.34,0
4-Nov-08,8.34,8.34,7.25,8.34,7800
3-Nov-08,8.34,8.34,8.27,8.34,400
31-Oct-08,7.50,8.16,7.50,8.16,3000
30-Oct-08,7.25,7.50,7.25,7.50,1400
29-Oct-08,-,-,-,7.25,0
28-Oct-08,7.48,7.50,7.25,7.25,1900
27-Oct-08,6.90,7.00,6.75,7.00,5800
24-Oct-08,6.75,6.75,6.72,6.75,1300
23-Oct-08,7.06,7.06,6.75,6.75,3400
22-Oct-08,7.10,7.10,7.05,7.05,1100
21-Oct-08,7.47,7.47,7.47,7.47,100
20-Oct-08,7.54,7.54,7.54,7.54,200
17-Oct-08,-,-,-,7.11,0
16-Oct-08,7.35,7.35,7.10,7.11,5300
15-Oct-08,8.00,8.00,8.00,8.00,100
14-Oct-08,8.00,8.08,8.00,8.08,300
13-Oct-08,6.95,7.05,6.95,7.05,1100
10-Oct-08,6.81,7.19,6.81,6.81,10300
9-Oct-08,7.08,7.85,7.05,7.30,500
8-Oct-08,7.05,7.05,7.05,7.05,400
7-Oct-08,7.50,7.64,7.25,7.25,3900
6-Oct-08,7.55,7.55,7.05,7.55,8300
3-Oct-08,7.10,7.70,7.10,7.58,10500
2-Oct-08,7.55,7.55,7.55,7.55,100
1-Oct-08,8.54,8.54,8.50,8.50,200
30-Sep-08,8.13,8.13,7.55,7.55,200
29-Sep-08,7.65,8.15,7.55,8.15,8800
26-Sep-08,-,-,-,7.55,0
25-Sep-08,8.63,8.64,7.55,7.55,2900
24-Sep-08,-,-,-,7.95,0
23-Sep-08,-,-,-,7.95,0
22-Sep-08,-,-,-,7.95,0
19-Sep-08,8.26,8.26,7.76,7.95,3300
18-Sep-08,-,-,-,8.67,0
17-Sep-08,8.54,8.95,8.05,8.67,1400
16-Sep-08,8.75,8.75,8.74,8.74,1300
15-Sep-08,8.80,9.00,8.80,9.00,600
12-Sep-08,8.92,8.92,8.90,8.90,800
11-Sep-08,8.50,8.50,8.05,8.50,800
10-Sep-08,-,-,-,9.00,0
9-Sep-08,-,-,-,9.00,0
8-Sep-08,9.00,9.00,9.00,9.00,200
5-Sep-08,8.65,8.65,8.63,8.63,600
4-Sep-08,8.62,9.00,8.62,9.00,1100
3-Sep-08,-,-,-,9.09,0
2-Sep-08,8.75,9.09,8.75,9.09,1300
29-Aug-08,8.38,8.70,8.37,8.70,1400
28-Aug-08,8.70,8.70,8.70,8.70,100
27-Aug-08,8.40,8.67,8.37,8.67,1300
26-Aug-08,8.70,8.70,8.70,8.70,100
25-Aug-08,-,-,-,8.32,0
22-Aug-08,-,-,-,8.32,0
21-Aug-08,8.32,8.32,8.32,8.32,1000
20-Aug-08,8.70,8.70,8.70,8.70,1600
19-Aug-08,8.29,8.68,8.29,8.42,3100
18-Aug-08,-,-,-,8.44,0
15-Aug-08,8.15,8.44,8.15,8.44,2100
14-Aug-08,8.08,8.48,8.08,8.30,5500
13-Aug-08,7.90,8.24,7.45,7.45,1300
12-Aug-08,7.89,7.89,7.51,7.53,300
11-Aug-08,7.55,7.82,7.55,7.82,3100
8-Aug-08,7.48,7.54,7.40,7.40,900
7-Aug-08,7.24,7.31,7.24,7.29,4400
6-Aug-08,7.60,8.73,6.74,6.95,10700
5-Aug-08,8.01,8.01,8.01,8.01,600
4-Aug-08,-,-,-,8.00,0
1-Aug-08,-,-,-,8.00,0
31-Jul-08,-,-,-,8.00,0
30-Jul-08,7.82,8.46,7.82,8.00,400
29-Jul-08,8.67,8.67,8.10,8.10,500
28-Jul-08,7.93,7.93,7.93,7.93,100
25-Jul-08,8.70,8.70,8.09,8.09,200
24-Jul-08,8.50,8.50,8.13,8.13,700
23-Jul-08,8.25,8.42,8.25,8.42,300
22-Jul-08,-,-,-,7.02,0
21-Jul-08,8.77,8.77,7.02,7.02,500
18-Jul-08,8.75,8.75,8.62,8.75,3300
17-Jul-08,7.86,9.00,7.86,8.46,2100
16-Jul-08,6.74,6.77,6.74,6.77,3200
15-Jul-08,7.05,7.82,6.85,6.85,4800
14-Jul-08,7.38,7.99,7.14,7.14,500
11-Jul-08,-,-,-,7.40,0
10-Jul-08,-,-,-,7.40,0
9-Jul-08,7.50,7.50,7.40,7.40,1800
8-Jul-08,8.10,8.10,7.36,7.40,1700
7-Jul-08,7.85,7.85,7.80,7.80,2200
3-Jul-08,-,-,-,8.10,0
2-Jul-08,-,-,-,8.10,0
1-Jul-08,8.10,8.10,8.10,8.10,100
30-Jun-08,7.76,8.46,7.76,8.11,3000
27-Jun-08,7.48,8.74,7.35,8.00,1300
26-Jun-08,7.60,8.73,7.47,7.48,10100
25-Jun-08,7.78,7.99,7.50,7.50,3600
24-Jun-08,7.50,8.32,7.50,8.32,1600
23-Jun-08,-,-,-,8.66,0
20-Jun-08,8.05,8.66,7.71,8.66,1500
19-Jun-08,8.31,8.32,8.31,8.31,1200
18-Jun-08,8.65,8.66,8.65,8.66,1100
17-Jun-08,8.46,8.46,8.35,8.35,1500
16-Jun-08,8.66,8.66,8.66,8.66,1000
13-Jun-08,8.66,8.66,8.66,8.66,1500
12-Jun-08,8.67,8.74,8.66,8.66,1500
11-Jun-08,8.95,8.95,8.82,8.85,4700
10-Jun-08,-,-,-,9.00,0
9-Jun-08,9.00,9.00,9.00,9.00,100
6-Jun-08,9.40,9.40,9.39,9.39,1100
5-Jun-08,-,-,-,9.20,0
4-Jun-08,-,-,-,9.20,0
3-Jun-08,9.48,9.48,9.18,9.20,1400
2-Jun-08,9.25,9.25,9.00,9.00,2600
30-May-08,9.70,9.70,9.70,9.70,100
29-May-08,9.25,9.47,9.25,9.47,200
28-May-08,9.05,9.10,9.05,9.05,300
27-May-08,9.80,9.80,9.05,9.05,1700
23-May-08,9.15,9.15,9.15,9.15,800
22-May-08,9.11,9.11,8.93,9.01,600
21-May-08,9.03,9.38,8.80,9.22,1500
20-May-08,9.29,9.29,9.03,9.03,4700
19-May-08,9.59,9.63,9.59,9.63,1100
16-May-08,9.15,9.70,9.15,9.70,1500
15-May-08,9.71,9.71,9.15,9.15,200
14-May-08,9.98,9.98,9.86,9.86,200
13-May-08,9.04,9.68,9.04,9.64,300
12-May-08,8.93,9.07,8.93,9.07,200
9-May-08,9.23,9.23,9.23,9.23,100
8-May-08,9.27,9.27,9.20,9.23,300
7-May-08,9.43,9.43,9.38,9.38,200
6-May-08,8.30,9.64,8.20,9.64,9000
5-May-08,8.21,8.69,8.20,8.50,7400
2-May-08,8.15,8.15,8.15,8.15,100
1-May-08,8.30,8.30,8.05,8.15,700
30-Apr-08,8.30,8.30,8.30,8.30,500
29-Apr-08,8.20,8.30,8.20,8.30,200
28-Apr-08,8.31,8.32,8.11,8.20,1000
25-Apr-08,8.01,8.01,8.01,8.01,200
24-Apr-08,8.39,8.39,8.02,8.02,800
23-Apr-08,7.80,8.50,7.80,8.50,2400
22-Apr-08,7.75,9.45,7.75,7.76,4900
21-Apr-08,8.65,8.65,7.66,7.66,3500
18-Apr-08,8.65,8.65,8.65,8.65,200
17-Apr-08,8.90,8.90,8.65,8.65,200
16-Apr-08,9.10,9.10,8.89,8.90,1700
15-Apr-08,9.22,9.22,9.10,9.12,600
14-Apr-08,9.23,9.23,9.22,9.22,800
11-Apr-08,9.48,9.72,9.35,9.35,2100
10-Apr-08,9.44,9.44,9.44,9.44,100
9-Apr-08,9.35,10.00,9.35,10.00,800
8-Apr-08,-,-,-,10.00,0
7-Apr-08,9.97,10.00,9.97,10.00,2400
4-Apr-08,10.00,10.00,10.00,10.00,1300
3-Apr-08,-,-,-,9.80,0
2-Apr-08,9.25,9.80,9.05,9.80,9500
1-Apr-08,9.16,9.16,9.10,9.10,1500
31-Mar-08,9.26,9.26,9.00,9.00,1500
28-Mar-08,9.00,9.00,9.00,9.00,700
27-Mar-08,9.25,9.26,9.01,9.10,3300
26-Mar-08,9.10,9.10,9.10,9.10,1100
25-Mar-08,-,-,-,9.10,0
24-Mar-08,8.99,9.10,8.99,9.10,1800
20-Mar-08,8.80,8.80,8.66,8.66,2800
19-Mar-08,8.76,8.76,8.75,8.75,1400
18-Mar-08,9.42,9.42,8.62,8.62,5700
17-Mar-08,9.57,10.00,9.27,9.37,5600
14-Mar-08,10.00,10.00,10.00,10.00,800
13-Mar-08,10.00,10.00,9.99,9.99,1600
12-Mar-08,10.00,10.00,10.00,10.00,2000
11-Mar-08,-,-,-,10.00,0
10-Mar-08,10.00,10.10,9.78,10.00,4400
7-Mar-08,10.00,10.10,10.00,10.10,4500
6-Mar-08,10.00,10.25,10.00,10.25,2400
5-Mar-08,10.01,10.01,10.00,10.00,2300
4-Mar-08,10.13,10.13,10.13,10.13,2000
3-Mar-08,10.25,10.25,10.15,10.15,1300
29-Feb-08,10.15,10.16,10.15,10.15,7000
28-Feb-08,10.15,10.15,10.00,10.00,200
27-Feb-08,10.01,10.12,10.01,10.12,1200
26-Feb-08,-,-,-,10.44,0
25-Feb-08,10.25,10.45,10.25,10.44,3700
22-Feb-08,-,-,-,10.55,0
21-Feb-08,10.55,10.55,10.55,10.55,100
20-Feb-08,10.06,10.50,10.06,10.39,11600
19-Feb-08,10.45,10.55,10.05,10.48,12600
15-Feb-08,10.39,10.40,10.39,10.40,1300
14-Feb-08,-,-,-,10.15,0
13-Feb-08,10.25,10.26,10.15,10.15,3300
12-Feb-08,10.40,10.40,10.25,10.40,2800
11-Feb-08,10.25,10.30,10.15,10.30,1300
8-Feb-08,10.00,10.22,9.95,10.22,23900
7-Feb-08,9.85,10.10,9.85,10.10,1200
6-Feb-08,9.85,9.86,9.60,9.85,1100
5-Feb-08,-,-,-,10.00,0
4-Feb-08,-,-,-,10.00,0
1-Feb-08,10.25,10.25,10.00,10.00,3100
31-Jan-08,10.25,10.25,10.20,10.20,1800
30-Jan-08,10.05,10.25,10.05,10.25,7300
29-Jan-08,10.00,10.00,10.00,10.00,600
28-Jan-08,9.79,10.00,9.79,10.00,4600
25-Jan-08,9.70,9.70,9.70,9.70,3400
24-Jan-08,-,-,-,9.36,0
23-Jan-08,9.97,9.97,9.35,9.36,1700
22-Jan-08,9.19,9.80,9.19,9.80,1900
18-Jan-08,9.05,9.05,8.42,8.96,6400
17-Jan-08,9.03,9.18,9.03,9.18,700
16-Jan-08,8.50,9.00,8.50,9.00,9200
15-Jan-08,8.36,8.36,8.36,8.36,200
14-Jan-08,8.09,8.09,7.94,8.00,1600
11-Jan-08,8.00,8.65,8.00,8.65,600
10-Jan-08,8.00,8.50,8.00,8.07,1900
9-Jan-08,8.40,8.40,7.85,7.85,3500
8-Jan-08,9.00,9.00,8.38,8.38,5700
7-Jan-08,9.01,9.18,8.95,8.95,1500
4-Jan-08,9.18,9.18,8.50,8.75,1800
3-Jan-08,9.54,9.54,9.16,9.16,1500
2-Jan-08,9.55,9.55,9.54,9.54,200
31-Dec-07,9.45,9.80,9.45,9.51,1800
28-Dec-07,10.20,10.20,9.40,9.40,4200
27-Dec-07,10.16,10.16,10.16,10.16,100
26-Dec-07,10.29,10.30,10.29,10.30,1300
24-Dec-07,-,-,-,10.29,0
21-Dec-07,10.10,10.29,10.10,10.29,1100
20-Dec-07,10.05,10.10,10.03,10.10,2300
19-Dec-07,10.00,10.00,10.00,10.00,900
18-Dec-07,10.00,10.00,10.00,10.00,6000
17-Dec-07,10.50,10.50,10.04,10.24,1100
14-Dec-07,10.58,10.59,10.58,10.58,7300
13-Dec-07,10.84,10.84,10.40,10.50,2100
12-Dec-07,-,-,-,10.63,0
11-Dec-07,10.83,10.83,10.50,10.63,1700
10-Dec-07,10.50,10.90,10.32,10.50,5600
7-Dec-07,9.85,11.00,9.06,10.61,28900
6-Dec-07,10.04,10.04,9.89,9.89,800
5-Dec-07,10.04,10.18,10.04,10.04,1000
4-Dec-07,11.30,11.30,9.82,10.02,3300
3-Dec-07,10.25,11.30,10.10,11.30,2800
30-Nov-07,10.75,10.75,10.59,10.59,200
29-Nov-07,11.26,11.26,10.76,10.76,700
28-Nov-07,11.65,11.65,11.65,11.65,2100
27-Nov-07,-,-,-,11.65,0
26-Nov-07,-,-,-,11.65,0
23-Nov-07,-,-,-,11.65,0
21-Nov-07,-,-,-,11.65,0
20-Nov-07,-,-,-,11.65,0
19-Nov-07,11.69,11.79,11.65,11.65,500
16-Nov-07,11.64,11.79,11.61,11.79,600
15-Nov-07,12.07,12.08,11.76,11.76,900
14-Nov-07,11.89,11.89,11.76,11.76,1400
13-Nov-07,12.01,12.01,11.89,12.00,1800
12-Nov-07,11.88,12.12,11.88,12.12,700
9-Nov-07,11.79,12.22,11.79,12.09,39200
8-Nov-07,-,-,-,11.76,0
7-Nov-07,11.70,11.76,11.70,11.76,1500
6-Nov-07,11.82,11.82,11.74,11.75,900
5-Nov-07,11.85,12.11,11.53,11.53,3800
2-Nov-07,11.86,11.86,11.86,11.86,400
1-Nov-07,11.65,11.79,11.50,11.79,1600
31-Oct-07,11.87,12.37,11.41,12.31,19500
30-Oct-07,11.53,12.00,11.36,12.00,4900
29-Oct-07,-,-,-,11.84,0
26-Oct-07,-,-,-,11.84,0
25-Oct-07,11.67,12.00,11.53,11.84,4300
24-Oct-07,11.96,11.96,11.68,11.70,900
23-Oct-07,12.00,12.00,12.00,12.00,600
22-Oct-07,12.30,12.30,12.15,12.15,200
19-Oct-07,-,-,-,11.96,0
18-Oct-07,11.96,11.96,11.96,11.96,200
17-Oct-07,11.76,11.97,11.76,11.97,3100
16-Oct-07,11.98,11.99,11.98,11.99,1000
15-Oct-07,12.27,12.27,12.18,12.18,800
12-Oct-07,12.21,12.21,12.21,12.21,100
11-Oct-07,-,-,-,12.41,0
10-Oct-07,12.45,12.45,12.35,12.41,900
9-Oct-07,12.56,12.56,12.40,12.43,1600
8-Oct-07,-,-,-,12.40,0
5-Oct-07,-,-,-,12.40,0
4-Oct-07,-,-,-,12.40,0
3-Oct-07,12.40,12.40,12.40,12.40,700
2-Oct-07,12.66,12.66,12.40,12.40,2400
1-Oct-07,12.71,12.71,12.39,12.63,2600
28-Sep-07,12.35,12.35,12.20,12.20,2400
27-Sep-07,-,-,-,12.29,0
26-Sep-07,-,-,-,12.29,0
25-Sep-07,12.63,12.83,12.24,12.29,2100
24-Sep-07,-,-,-,12.20,0
21-Sep-07,-,-,-,12.20,0
20-Sep-07,12.24,12.24,12.19,12.20,4600
19-Sep-07,12.50,12.50,12.24,12.33,4000
18-Sep-07,12.51,12.55,12.46,12.47,2100
17-Sep-07,12.60,12.60,12.53,12.53,1300
14-Sep-07,12.73,12.75,12.45,12.45,5300
13-Sep-07,12.77,12.89,12.77,12.89,600
12-Sep-07,12.68,12.76,12.66,12.74,2100
11-Sep-07,12.56,12.68,12.56,12.68,1200
10-Sep-07,12.40,12.54,12.39,12.54,2600
7-Sep-07,12.17,12.17,12.13,12.13,500
6-Sep-07,12.07,12.18,12.07,12.18,2200
5-Sep-07,11.99,12.08,11.99,12.03,2900
4-Sep-07,11.99,11.99,11.99,11.99,1300
31-Aug-07,11.99,11.99,11.99,11.99,1100
30-Aug-07,12.00,12.13,12.00,12.08,2100
29-Aug-07,12.00,12.00,11.99,11.99,2100
28-Aug-07,11.98,12.19,11.98,12.06,1400
27-Aug-07,12.14,12.14,12.14,12.14,100
24-Aug-07,12.17,12.17,12.14,12.14,500
23-Aug-07,12.18,12.18,12.16,12.16,200
22-Aug-07,12.06,12.13,12.01,12.13,1100
21-Aug-07,-,-,-,12.01,0
20-Aug-07,12.25,12.25,11.87,12.01,8200
17-Aug-07,12.90,12.90,12.39,12.45,7700
16-Aug-07,12.32,12.32,12.32,12.32,200
15-Aug-07,12.33,12.55,12.06,12.45,8900
14-Aug-07,12.54,12.62,12.54,12.62,1300
13-Aug-07,12.10,12.80,11.99,12.72,3700
10-Aug-07,12.54,12.76,12.00,12.75,5900
9-Aug-07,12.60,12.86,12.57,12.86,800
8-Aug-07,12.80,12.82,12.77,12.82,500
7-Aug-07,12.75,12.83,12.74,12.83,3800
6-Aug-07,12.61,12.90,12.61,12.82,7700
3-Aug-07,12.68,12.68,12.68,12.68,2000
2-Aug-07,12.75,12.75,12.65,12.65,200
1-Aug-07,13.07,13.07,12.86,12.86,900
31-Jul-07,13.14,13.14,13.07,13.07,800
30-Jul-07,13.03,13.04,13.02,13.03,900
27-Jul-07,13.29,13.29,13.02,13.19,181300
26-Jul-07,13.10,13.33,13.00,13.06,3700
25-Jul-07,13.34,13.34,13.22,13.22,3700
24-Jul-07,13.36,13.36,13.36,13.36,100
23-Jul-07,13.37,13.37,13.36,13.36,1600
20-Jul-07,13.31,13.41,13.31,13.36,700
19-Jul-07,13.44,13.44,13.44,13.44,1100
18-Jul-07,13.33,13.37,13.10,13.37,3500
17-Jul-07,13.43,13.44,13.31,13.32,3100
16-Jul-07,13.43,13.43,13.43,13.43,3600
13-Jul-07,13.39,13.50,13.36,13.50,2600
12-Jul-07,13.42,13.42,13.35,13.39,7400
11-Jul-07,13.44,13.44,13.39,13.39,300
10-Jul-07,13.45,13.50,13.30,13.50,6500
9-Jul-07,13.42,13.42,13.42,13.42,900
6-Jul-07,-,-,-,13.40,0
5-Jul-07,-,-,-,13.40,0
3-Jul-07,13.46,13.46,13.40,13.40,200
2-Jul-07,13.40,13.43,13.40,13.40,400
29-Jun-07,13.47,13.50,13.37,13.50,3500
28-Jun-07,13.47,13.48,13.47,13.47,1700
27-Jun-07,13.45,13.62,13.45,13.48,26500
26-Jun-07,13.52,13.58,13.45,13.45,13500
25-Jun-07,13.31,13.55,13.30,13.55,1400
22-Jun-07,13.40,13.57,13.25,13.51,6600
21-Jun-07,13.53,13.53,13.50,13.50,5200
20-Jun-07,13.49,13.55,13.49,13.54,4300
19-Jun-07,-,-,-,13.48,0
18-Jun-07,13.53,13.53,13.47,13.48,1600
15-Jun-07,13.71,13.71,13.54,13.63,5200
14-Jun-07,13.51,13.60,13.51,13.59,100200
13-Jun-07,13.40,13.50,13.40,13.50,1900
12-Jun-07,13.50,13.75,13.40,13.40,8400
11-Jun-07,-,-,-,13.54,0
8-Jun-07,13.55,13.56,13.45,13.54,1000
7-Jun-07,13.50,13.55,13.50,13.55,1100
6-Jun-07,-,-,-,13.49,0
5-Jun-07,13.54,13.54,13.49,13.49,3200
4-Jun-07,13.55,13.55,13.54,13.55,2100
1-Jun-07,13.55,13.55,13.55,13.55,200
31-May-07,13.75,13.75,13.75,13.75,200
30-May-07,13.50,13.50,13.50,13.50,100
29-May-07,13.49,13.60,13.49,13.52,2800
25-May-07,-,-,-,13.65,0
24-May-07,13.55,13.69,13.53,13.65,2100
23-May-07,13.56,13.61,13.45,13.61,2900
22-May-07,13.62,13.63,13.60,13.63,12800
21-May-07,13.52,13.53,13.50,13.50,2400
18-May-07,13.50,13.55,13.50,13.55,7300
17-May-07,13.52,13.56,13.50,13.56,4100
16-May-07,13.57,13.57,13.55,13.55,3200
15-May-07,13.63,13.63,13.63,13.63,2000
14-May-07,13.63,13.63,13.63,13.63,100
11-May-07,13.62,13.63,13.51,13.63,16900
10-May-07,-,-,-,13.48,0
9-May-07,13.63,13.63,13.48,13.48,1200
8-May-07,13.40,13.68,13.40,13.63,3400
7-May-07,13.47,13.47,13.39,13.47,3300
4-May-07,13.51,13.51,13.44,13.49,7100
3-May-07,13.51,13.51,13.51,13.51,300
2-May-07,13.53,13.55,13.53,13.55,1200
1-May-07,13.58,13.61,13.51,13.61,1800
30-Apr-07,13.57,13.58,13.57,13.58,900
27-Apr-07,13.59,13.59,13.43,13.43,1300
26-Apr-07,13.54,13.54,13.50,13.50,1000
25-Apr-07,13.55,13.55,13.55,13.55,100
24-Apr-07,13.50,13.52,13.49,13.51,10400
23-Apr-07,13.43,13.58,13.41,13.51,42000
20-Apr-07,13.45,13.45,13.45,13.45,200
19-Apr-07,13.45,13.45,13.45,13.45,100
18-Apr-07,13.41,13.46,13.41,13.46,2100
17-Apr-07,13.48,13.48,13.45,13.45,1100
16-Apr-07,13.42,13.42,13.40,13.42,1700
13-Apr-07,13.36,13.40,13.36,13.37,2800
12-Apr-07,-,-,-,13.35,0
11-Apr-07,13.34,13.35,13.34,13.35,4800
10-Apr-07,13.35,13.36,13.35,13.35,2500
9-Apr-07,-,-,-,13.22,0
5-Apr-07,13.23,13.23,13.22,13.22,500
4-Apr-07,13.14,13.37,13.11,13.25,5300
3-Apr-07,13.35,13.36,13.35,13.35,12600
2-Apr-07,13.30,13.42,13.30,13.41,3200
30-Mar-07,13.30,13.30,13.30,13.30,2400
29-Mar-07,13.29,13.42,13.29,13.42,700
28-Mar-07,13.30,13.30,13.25,13.30,12100
27-Mar-07,13.30,13.40,13.30,13.30,5000
26-Mar-07,13.25,13.29,13.25,13.29,6100
23-Mar-07,13.42,13.42,13.25,13.30,2600
22-Mar-07,13.25,13.26,13.25,13.26,400
21-Mar-07,13.42,13.42,13.25,13.25,4100
20-Mar-07,13.42,13.42,13.25,13.42,1900
19-Mar-07,13.25,13.35,13.25,13.30,2000
16-Mar-07,13.16,13.19,13.15,13.19,15500
15-Mar-07,13.01,13.27,13.00,13.27,5500
14-Mar-07,13.15,13.21,13.15,13.20,5000
13-Mar-07,13.10,13.20,13.10,13.15,21200
12-Mar-07,13.04,13.23,12.75,13.02,15600
9-Mar-07,13.15,13.15,13.05,13.05,2000
8-Mar-07,13.03,13.11,13.00,13.00,1300
7-Mar-07,13.01,13.01,13.01,13.01,900
6-Mar-07,13.10,13.10,13.00,13.01,3200
5-Mar-07,13.11,13.11,13.11,13.11,1300
2-Mar-07,13.15,13.23,13.15,13.23,2800
1-Mar-07,13.01,13.15,13.00,13.15,21500
28-Feb-07,13.23,13.23,13.10,13.15,1900
27-Feb-07,13.15,13.15,13.15,13.15,900
26-Feb-07,13.15,13.15,13.15,13.15,6800
23-Feb-07,13.08,13.08,12.93,13.00,600
22-Feb-07,-,-,-,13.20,0
21-Feb-07,13.00,13.20,12.93,13.20,9900
20-Feb-07,13.20,13.20,13.10,13.19,7000
16-Feb-07,-,-,-,13.20,0
15-Feb-07,-,-,-,13.20,0
14-Feb-07,13.07,13.20,13.05,13.20,3400
13-Feb-07,13.15,13.15,13.15,13.15,2000
12-Feb-07,12.98,13.15,12.98,13.15,4400
9-Feb-07,-,-,-,13.10,0
8-Feb-07,13.05,13.10,13.05,13.10,900
7-Feb-07,-,-,-,13.10,0
6-Feb-07,-,-,-,13.10,0
5-Feb-07,13.10,13.10,13.10,13.10,3200
2-Feb-07,-,-,-,13.15,0
1-Feb-07,13.07,13.15,13.07,13.15,1800
31-Jan-07,12.98,13.15,12.64,13.15,2400
30-Jan-07,13.20,13.20,13.15,13.15,2700
29-Jan-07,13.10,13.20,13.10,13.20,3100
26-Jan-07,13.15,13.15,13.10,13.15,12100
25-Jan-07,-,-,-,13.14,0
24-Jan-07,-,-,-,13.14,0
23-Jan-07,13.08,13.14,13.04,13.14,600
22-Jan-07,12.95,13.06,12.95,12.98,1100
19-Jan-07,12.98,13.22,12.97,13.05,11200
18-Jan-07,13.22,13.22,13.10,13.11,36300
17-Jan-07,-,-,-,13.15,0
16-Jan-07,13.18,13.18,13.15,13.15,1300
12-Jan-07,13.16,13.16,13.15,13.16,1000
11-Jan-07,-,-,-,13.06,0
10-Jan-07,12.95,13.07,12.95,13.06,6100
9-Jan-07,13.00,13.00,12.96,12.96,4400
8-Jan-07,12.98,12.99,12.98,12.99,300
5-Jan-07,12.96,13.24,12.53,12.93,9800
4-Jan-07,13.12,13.20,13.12,13.14,3800
3-Jan-07,13.24,13.25,12.91,13.20,5700
29-Dec-06,13.07,13.22,13.06,13.22,900
28-Dec-06,13.12,13.15,13.12,13.15,200
27-Dec-06,13.13,13.13,13.13,13.13,100
26-Dec-06,13.24,13.24,13.00,13.20,28900
22-Dec-06,-,-,-,12.91,0
21-Dec-06,13.01,13.01,12.75,12.91,1100
20-Dec-06,13.09,13.10,13.05,13.09,6300
19-Dec-06,13.10,13.10,12.99,13.00,4600
18-Dec-06,13.00,13.47,13.00,13.14,6900
15-Dec-06,13.01,13.33,13.00,13.01,23800
14-Dec-06,13.00,13.04,12.55,13.04,13100
13-Dec-06,13.06,13.30,13.06,13.30,8800
12-Dec-06,12.99,13.10,12.99,13.08,9000
11-Dec-06,13.09,13.10,13.09,13.10,1500
8-Dec-06,13.00,13.05,12.96,13.05,1600
7-Dec-06,13.13,13.13,13.00,13.10,13100
6-Dec-06,12.97,13.14,12.97,13.10,300
5-Dec-06,13.05,13.09,13.01,13.03,17600
4-Dec-06,13.05,13.30,13.00,13.08,3700
1-Dec-06,13.05,13.05,13.01,13.01,1700
30-Nov-06,13.00,13.00,12.99,12.99,26400
29-Nov-06,-,-,-,13.00,0
28-Nov-06,13.01,13.20,13.00,13.00,16300
27-Nov-06,-,-,-,13.15,0
24-Nov-06,13.15,13.15,13.15,13.15,1500
22-Nov-06,13.09,13.09,13.08,13.08,700
21-Nov-06,13.01,13.08,13.01,13.07,1300
20-Nov-06,-,-,-,13.23,0
17-Nov-06,-,-,-,13.23,0
16-Nov-06,-,-,-,13.23,0
15-Nov-06,12.88,13.23,12.65,13.23,5900
14-Nov-06,13.04,13.15,12.98,13.00,20500
13-Nov-06,12.97,12.97,12.95,12.95,600
10-Nov-06,12.84,13.04,12.78,13.04,3300
9-Nov-06,12.84,12.85,12.81,12.81,1500
8-Nov-06,12.86,12.86,12.32,12.78,4400
7-Nov-06,12.94,12.94,12.92,12.92,1200
6-Nov-06,12.94,13.05,12.78,13.04,4400
3-Nov-06,12.69,12.74,12.69,12.74,1300
2-Nov-06,12.63,12.63,12.63,12.63,1300
1-Nov-06,12.80,12.80,12.61,12.68,2000
31-Oct-06,12.70,13.00,12.65,12.80,9300
30-Oct-06,12.70,12.80,12.65,12.74,3100
27-Oct-06,12.73,12.77,12.66,12.77,4300
26-Oct-06,12.70,12.70,12.70,12.70,200
25-Oct-06,12.80,12.81,12.76,12.81,7400
24-Oct-06,12.75,12.75,12.75,12.75,1800
23-Oct-06,12.65,12.74,12.65,12.74,1000
20-Oct-06,-,-,-,12.65,0
19-Oct-06,12.65,12.85,12.65,12.65,10700
18-Oct-06,12.75,12.85,12.75,12.76,19100
17-Oct-06,12.90,12.90,12.70,12.70,900
16-Oct-06,12.70,12.70,12.70,12.70,1100
13-Oct-06,12.70,12.70,12.66,12.66,1600
12-Oct-06,12.55,12.70,12.55,12.70,21000
11-Oct-06,-,-,-,12.49,0
10-Oct-06,12.50,12.50,12.49,12.49,2100
9-Oct-06,12.50,12.55,12.50,12.55,2000
6-Oct-06,12.40,12.60,12.40,12.53,4600
5-Oct-06,12.32,12.32,12.32,12.32,200
4-Oct-06,12.42,12.42,12.38,12.40,1800
3-Oct-06,12.60,12.60,12.31,12.31,10100
2-Oct-06,12.31,12.57,12.31,12.57,400
29-Sep-06,12.50,12.60,12.50,12.50,5200
28-Sep-06,12.30,12.49,12.30,12.49,2000
27-Sep-06,12.58,12.58,12.40,12.42,400
26-Sep-06,12.35,12.35,12.35,12.35,300
25-Sep-06,12.32,12.42,12.30,12.42,3400
22-Sep-06,12.60,12.75,12.40,12.55,5900
21-Sep-06,12.26,12.30,12.26,12.30,2000
20-Sep-06,12.50,12.50,12.45,12.45,3200
19-Sep-06,12.25,12.50,12.25,12.50,4500
18-Sep-06,12.41,12.59,12.36,12.50,4500
15-Sep-06,12.60,12.60,12.48,12.55,14900
14-Sep-06,12.06,12.35,12.06,12.33,8600
13-Sep-06,12.10,12.30,12.10,12.30,9600
12-Sep-06,12.20,12.20,12.17,12.17,200
11-Sep-06,12.00,12.00,11.87,12.00,6600
8-Sep-06,11.82,12.15,11.80,11.85,2900
7-Sep-06,11.99,11.99,11.76,11.85,7200
6-Sep-06,11.71,11.80,11.71,11.80,1800
5-Sep-06,11.87,12.05,11.86,11.87,5300
1-Sep-06,11.84,12.00,11.80,11.91,2200
31-Aug-06,11.98,12.00,11.98,12.00,1500
30-Aug-06,-,-,-,11.85,0
29-Aug-06,11.71,12.00,11.66,11.85,39000
28-Aug-06,11.98,11.99,11.71,11.71,2800
25-Aug-06,11.85,12.00,11.85,12.00,20800
24-Aug-06,11.84,11.85,11.84,11.85,800
23-Aug-06,11.56,11.79,11.56,11.77,6500
22-Aug-06,11.56,11.61,11.55,11.60,5800
21-Aug-06,11.63,11.63,11.56,11.57,300
18-Aug-06,11.65,11.65,11.65,11.65,900
17-Aug-06,11.95,11.95,11.61,11.65,9600
16-Aug-06,11.75,12.00,11.71,11.96,29700
15-Aug-06,11.65,11.84,11.65,11.84,1900
14-Aug-06,11.88,11.89,11.79,11.79,600
11-Aug-06,11.83,11.83,11.51,11.58,1600
10-Aug-06,12.00,12.00,11.85,11.86,1800
9-Aug-06,12.00,12.00,12.00,12.00,3000
8-Aug-06,11.86,12.00,11.86,12.00,3700
7-Aug-06,11.99,11.99,11.99,11.99,1200
4-Aug-06,11.89,11.89,11.88,11.88,800
3-Aug-06,12.00,12.00,12.00,12.00,1200
2-Aug-06,11.90,11.92,11.90,11.92,8000
1-Aug-06,11.85,11.85,11.85,11.85,2300
31-Jul-06,11.92,11.92,11.85,11.85,500
28-Jul-06,11.91,11.92,11.84,11.84,3800
27-Jul-06,11.86,11.90,11.75,11.90,2400
26-Jul-06,11.85,11.85,11.85,11.85,1900
25-Jul-06,11.85,11.85,11.85,11.85,1000
24-Jul-06,11.83,12.03,11.83,11.85,1700
21-Jul-06,11.85,11.85,11.85,11.85,200
20-Jul-06,11.82,11.82,11.82,11.82,300
19-Jul-06,11.85,11.85,11.81,11.82,1000
18-Jul-06,11.98,11.98,11.95,11.95,2400
17-Jul-06,11.92,11.92,11.76,11.85,400
14-Jul-06,-,-,-,12.04,0
13-Jul-06,12.05,12.05,12.04,12.04,3800
12-Jul-06,11.95,11.95,11.95,11.95,1200
11-Jul-06,-,-,-,11.98,0
10-Jul-06,11.98,12.05,11.98,11.98,1200
7-Jul-06,11.76,12.00,11.76,12.00,17100
6-Jul-06,11.75,11.80,11.75,11.75,14300
5-Jul-06,11.75,11.76,11.75,11.75,16300
3-Jul-06,11.92,11.92,11.76,11.76,1300
30-Jun-06,-,-,-,11.98,0
29-Jun-06,11.80,11.98,11.80,11.98,800
28-Jun-06,11.79,11.79,11.75,11.75,10200
27-Jun-06,12.02,12.02,12.00,12.00,2900
26-Jun-06,11.99,11.99,11.85,11.86,1200
23-Jun-06,11.77,11.99,11.77,11.85,22500
22-Jun-06,11.93,11.94,11.93,11.94,200
21-Jun-06,11.95,11.95,11.75,11.75,5900
20-Jun-06,12.00,12.00,12.00,12.00,4500
19-Jun-06,12.00,12.00,12.00,12.00,6200
16-Jun-06,12.05,12.05,11.99,12.00,29500
15-Jun-06,11.98,12.00,11.98,12.00,600
14-Jun-06,11.92,11.97,11.92,11.97,2300
13-Jun-06,11.93,12.00,11.93,12.00,4100
12-Jun-06,12.00,12.00,12.00,12.00,1000
9-Jun-06,12.00,12.06,12.00,12.00,12300
8-Jun-06,11.90,11.99,11.90,11.99,300
7-Jun-06,-,-,-,12.00,0
6-Jun-06,12.00,12.00,12.00,12.00,500
5-Jun-06,12.04,12.04,12.00,12.00,15200
2-Jun-06,12.00,12.20,12.00,12.20,11100
1-Jun-06,12.00,12.02,12.00,12.00,2200
31-May-06,12.04,12.04,12.04,12.04,100
30-May-06,12.23,12.23,12.01,12.01,800
26-May-06,12.05,12.05,12.05,12.05,200
25-May-06,11.99,12.04,11.93,12.04,900
24-May-06,12.01,12.10,12.00,12.00,2100
23-May-06,12.00,12.25,12.00,12.12,4500
22-May-06,11.76,12.03,11.76,12.03,3000
19-May-06,12.05,12.09,12.03,12.09,10100
18-May-06,11.82,11.82,11.82,11.82,200
17-May-06,12.00,12.00,11.75,12.00,16300
16-May-06,12.00,12.07,12.00,12.01,24800
15-May-06,11.93,12.00,11.93,12.00,4500
12-May-06,11.94,11.98,11.94,11.95,7400
11-May-06,11.91,11.91,11.90,11.90,12200
10-May-06,-,-,-,11.85,0
9-May-06,11.85,11.85,11.85,11.85,900
8-May-06,-,-,-,11.95,0
5-May-06,-,-,-,11.95,0
4-May-06,-,-,-,11.95,0
3-May-06,-,-,-,11.95,0
2-May-06,11.95,11.95,11.95,11.95,1000
1-May-06,11.99,12.01,11.75,11.95,14900
28-Apr-06,12.02,12.02,12.02,12.02,200
27-Apr-06,11.99,12.02,11.99,12.02,3300
26-Apr-06,12.00,12.02,11.98,11.98,8000
25-Apr-06,12.00,12.00,11.94,11.94,23500
24-Apr-06,12.00,12.00,11.93,12.00,9300
21-Apr-06,11.93,11.93,11.92,11.92,200
20-Apr-06,11.92,11.92,11.91,11.91,3900
19-Apr-06,12.05,12.05,11.96,11.96,33600
18-Apr-06,12.01,12.01,11.90,12.00,1300
17-Apr-06,11.92,11.92,11.84,11.84,8300
13-Apr-06,12.00,12.00,12.00,12.00,100
12-Apr-06,12.00,12.00,11.90,11.95,22600
11-Apr-06,11.99,12.00,11.99,12.00,30800
10-Apr-06,11.90,12.00,11.90,12.00,5900
7-Apr-06,-,-,-,11.80,0
6-Apr-06,-,-,-,11.80,0
5-Apr-06,11.80,11.80,11.80,11.80,2200
4-Apr-06,11.74,11.95,11.71,11.71,1100
3-Apr-06,11.99,12.00,11.93,11.99,6400
31-Mar-06,11.81,11.99,11.56,11.99,3400
30-Mar-06,-,-,-,11.96,0
29-Mar-06,11.80,11.97,11.80,11.96,4700
28-Mar-06,11.90,11.90,11.80,11.80,9000
27-Mar-06,11.65,11.80,11.65,11.80,3600
24-Mar-06,11.55,11.62,11.55,11.62,2000
23-Mar-06,11.60,11.61,11.60,11.60,2200
22-Mar-06,11.68,11.68,11.67,11.67,1300
21-Mar-06,11.60,11.60,11.60,11.60,1400
20-Mar-06,11.51,11.60,11.50,11.60,3900
17-Mar-06,11.51,11.51,11.51,11.51,600
16-Mar-06,11.50,11.52,11.50,11.50,1800
15-Mar-06,-,-,-,11.51,0
14-Mar-06,11.51,11.51,11.51,11.51,800
13-Mar-06,11.68,11.70,11.51,11.51,2500
10-Mar-06,11.51,11.55,11.50,11.50,1600
9-Mar-06,11.61,11.61,11.51,11.53,500
8-Mar-06,-,-,-,11.61,0
7-Mar-06,11.75,11.75,11.61,11.61,1600
6-Mar-06,-,-,-,11.79,0
3-Mar-06,-,-,-,11.79,0
2-Mar-06,11.59,11.79,11.51,11.79,2700
1-Mar-06,11.81,11.96,11.80,11.96,13500
28-Feb-06,11.90,11.90,11.80,11.83,6100
27-Feb-06,11.60,11.90,11.60,11.90,900
24-Feb-06,11.85,11.95,11.85,11.95,5400
23-Feb-06,11.77,11.77,11.77,11.77,700
22-Feb-06,11.70,11.80,11.70,11.80,6300
21-Feb-06,11.71,11.71,11.71,11.71,100
17-Feb-06,11.58,11.75,11.58,11.74,3100
16-Feb-06,11.75,11.75,11.75,11.75,1000
15-Feb-06,11.76,11.76,11.75,11.75,200
14-Feb-06,11.89,11.89,11.87,11.87,16400
13-Feb-06,11.60,11.89,11.50,11.75,1800
10-Feb-06,11.76,11.76,11.75,11.75,15100
9-Feb-06,11.70,11.70,11.70,11.70,1300
8-Feb-06,11.60,11.86,11.60,11.86,21600
7-Feb-06,-,-,-,11.50,0
6-Feb-06,11.50,11.75,11.50,11.50,2600
3-Feb-06,11.52,11.52,11.51,11.51,900
2-Feb-06,-,-,-,11.55,0
1-Feb-06,11.51,11.55,11.51,11.55,1000
31-Jan-06,11.50,11.76,11.50,11.76,1100
30-Jan-06,11.53,11.53,11.50,11.50,3700
27-Jan-06,11.45,11.74,11.45,11.71,7700
26-Jan-06,11.46,11.69,11.35,11.43,4800
25-Jan-06,-,-,-,11.70,0
24-Jan-06,11.70,11.70,11.70,11.70,3100
23-Jan-06,11.65,11.65,11.46,11.64,7800
20-Jan-06,11.60,11.64,11.60,11.64,1100
19-Jan-06,11.65,11.65,11.63,11.63,700
18-Jan-06,11.79,11.79,11.75,11.79,9000
17-Jan-06,11.60,11.80,11.60,11.80,11800
13-Jan-06,-,-,-,11.74,0
12-Jan-06,11.50,11.74,11.46,11.74,1000
11-Jan-06,11.47,11.47,11.47,11.47,3600
10-Jan-06,11.45,11.70,11.45,11.65,4700
9-Jan-06,-,-,-,11.70,0
6-Jan-06,11.66,11.74,11.35,11.70,21700
5-Jan-06,11.34,11.34,11.34,11.34,500
4-Jan-06,11.46,11.70,11.32,11.70,3600
3-Jan-06,11.70,11.70,11.63,11.63,19000
30-Dec-05,11.50,11.69,11.45,11.69,7400
29-Dec-05,11.27,11.34,11.27,11.32,11600
28-Dec-05,11.37,11.70,11.36,11.70,8500
27-Dec-05,11.11,11.79,11.11,11.62,101000
23-Dec-05,11.16,11.16,11.11,11.12,1600
22-Dec-05,11.20,11.20,11.20,11.20,1000
21-Dec-05,11.16,11.39,11.16,11.37,1600
20-Dec-05,11.39,11.39,11.25,11.33,2200
19-Dec-05,11.26,11.35,11.11,11.15,7900
16-Dec-05,11.40,11.40,11.30,11.30,2200
15-Dec-05,11.25,11.25,11.25,11.25,1600
14-Dec-05,-,-,-,11.22,0
13-Dec-05,11.24,11.25,11.21,11.22,700
12-Dec-05,11.40,11.40,11.30,11.30,400
9-Dec-05,-,-,-,11.31,0
8-Dec-05,11.34,11.34,11.31,11.31,200
7-Dec-05,11.30,11.30,11.30,11.30,700
6-Dec-05,-,-,-,11.30,0
5-Dec-05,11.40,11.40,11.11,11.30,900
2-Dec-05,-,-,-,11.75,0
1-Dec-05,11.75,11.75,11.75,11.75,2700
30-Nov-05,-,-,-,11.74,0
29-Nov-05,11.60,11.74,11.60,11.74,36700
28-Nov-05,11.44,11.70,11.44,11.70,4600
25-Nov-05,-,-,-,11.65,0
23-Nov-05,11.70,11.70,11.50,11.65,2400
22-Nov-05,-,-,-,11.70,0
21-Nov-05,11.70,11.70,11.59,11.70,47600
18-Nov-05,-,-,-,11.80,0
17-Nov-05,11.60,11.80,11.60,11.80,118600
16-Nov-05,11.58,11.58,11.35,11.58,5200
15-Nov-05,-,-,-,11.35,0
14-Nov-05,-,-,-,11.35,0
11-Nov-05,11.42,11.42,11.35,11.35,1100
10-Nov-05,11.68,11.68,11.64,11.64,3100
9-Nov-05,11.65,11.65,11.65,11.65,900
8-Nov-05,11.48,11.80,11.30,11.79,124700
7-Nov-05,-,-,-,11.50,0
4-Nov-05,-,-,-,11.50,0
3-Nov-05,-,-,-,11.50,0
2-Nov-05,-,-,-,11.50,0
1-Nov-05,11.37,11.50,11.37,11.50,1400
31-Oct-05,-,-,-,11.50,0
28-Oct-05,11.50,11.50,11.50,11.50,100
27-Oct-05,11.25,11.25,11.25,11.25,500
26-Oct-05,-,-,-,11.25,0
25-Oct-05,11.25,11.25,11.25,11.25,2500
24-Oct-05,11.50,11.50,11.50,11.50,200
21-Oct-05,11.40,11.40,11.40,11.40,1400
20-Oct-05,11.21,11.37,11.21,11.37,900
19-Oct-05,11.40,11.40,11.40,11.40,2000
18-Oct-05,11.30,11.40,11.30,11.40,62800
17-Oct-05,11.20,11.20,11.11,11.20,4700
14-Oct-05,-,-,-,11.25,0
13-Oct-05,11.25,11.40,11.11,11.25,20700
12-Oct-05,-,-,-,11.50,0
11-Oct-05,11.15,11.50,11.15,11.50,12600
10-Oct-05,11.25,11.25,11.11,11.15,3100
7-Oct-05,-,-,-,11.50,0
6-Oct-05,11.50,11.50,11.50,11.50,600
5-Oct-05,11.69,11.69,11.40,11.69,8300
4-Oct-05,11.11,11.62,11.11,11.60,15200
3-Oct-05,11.66,11.75,11.50,11.60,33400
30-Sep-05,-,-,-,11.12,0
29-Sep-05,11.30,11.30,11.11,11.12,4500
28-Sep-05,11.15,11.15,11.15,11.15,1200
27-Sep-05,11.34,11.34,11.13,11.13,500
26-Sep-05,-,-,-,11.25,0
23-Sep-05,11.11,11.32,11.11,11.25,8200
22-Sep-05,11.25,11.26,11.25,11.25,500
21-Sep-05,11.28,11.31,11.28,11.31,1000
20-Sep-05,11.50,11.50,11.50,11.50,100
19-Sep-05,11.55,11.71,11.50,11.51,2400
16-Sep-05,-,-,-,11.59,0
15-Sep-05,11.60,11.60,11.59,11.59,2700
14-Sep-05,-,-,-,11.61,0
13-Sep-05,11.61,11.61,11.61,11.61,1500
12-Sep-05,11.53,11.94,11.53,11.94,3100
9-Sep-05,-,-,-,11.70,0
8-Sep-05,11.70,11.70,11.50,11.70,5600
7-Sep-05,-,-,-,11.62,0
6-Sep-05,11.62,11.62,11.62,11.62,800
2-Sep-05,11.75,11.89,11.65,11.89,7200
1-Sep-05,11.69,11.76,11.66,11.73,3900
31-Aug-05,11.52,11.75,11.50,11.75,33600
30-Aug-05,11.50,11.51,11.50,11.51,4800
29-Aug-05,11.50,11.62,11.50,11.62,2000
26-Aug-05,11.50,11.55,11.50,11.55,600
25-Aug-05,11.53,11.56,11.53,11.56,1000
24-Aug-05,-,-,-,11.52,0
23-Aug-05,11.80,11.80,11.52,11.52,2100
22-Aug-05,11.60,11.60,11.51,11.51,7200
19-Aug-05,11.70,11.70,11.69,11.70,8400
18-Aug-05,-,-,-,11.40,0
17-Aug-05,11.40,11.40,11.30,11.40,2600
16-Aug-05,11.11,11.36,11.11,11.35,5000
15-Aug-05,11.16,11.16,11.16,11.16,2800
12-Aug-05,-,-,-,11.44,0
11-Aug-05,-,-,-,11.44,0
10-Aug-05,11.66,11.69,11.44,11.44,1200
9-Aug-05,11.45,11.45,11.16,11.16,200
8-Aug-05,11.70,11.70,11.62,11.63,700
5-Aug-05,11.66,11.72,11.60,11.60,2800
4-Aug-05,11.39,11.67,11.39,11.40,3200
3-Aug-05,11.69,11.70,11.56,11.56,400
2-Aug-05,11.52,11.52,11.50,11.51,3600
1-Aug-05,11.50,11.50,11.50,11.50,2800
29-Jul-05,-,-,-,11.64,0
28-Jul-05,11.75,11.75,11.45,11.64,3700
27-Jul-05,-,-,-,11.53,0
26-Jul-05,11.53,11.65,11.53,11.53,400
25-Jul-05,11.75,11.75,11.70,11.74,10600
22-Jul-05,11.50,11.75,11.43,11.75,2400
21-Jul-05,-,-,-,11.75,0
20-Jul-05,11.50,11.75,11.50,11.75,7000
19-Jul-05,11.60,11.60,11.51,11.60,5100
18-Jul-05,11.54,11.65,11.54,11.55,12600
15-Jul-05,11.65,11.65,11.51,11.55,6900
14-Jul-05,11.55,11.55,11.51,11.51,2900
13-Jul-05,11.50,11.55,11.50,11.55,20600
12-Jul-05,11.02,11.49,11.02,11.49,3400
11-Jul-05,11.50,11.50,11.50,11.50,2000
8-Jul-05,11.50,11.50,11.48,11.50,12700
7-Jul-05,11.50,11.52,11.50,11.52,1400
6-Jul-05,11.50,11.50,11.50,11.50,2400
5-Jul-05,11.39,11.49,11.39,11.49,9500
1-Jul-05,11.45,11.45,11.39,11.39,4300
30-Jun-05,11.45,11.45,11.45,11.45,600
29-Jun-05,11.45,11.45,11.45,11.45,1000
28-Jun-05,11.38,11.45,11.38,11.45,1100
27-Jun-05,11.50,11.50,11.28,11.28,1100
24-Jun-05,11.21,11.26,11.10,11.25,2400
23-Jun-05,11.25,11.39,11.25,11.25,2600
22-Jun-05,-,-,-,11.47,0
21-Jun-05,11.02,11.50,11.02,11.47,4700
20-Jun-05,11.30,11.50,11.30,11.49,18500
17-Jun-05,11.06,11.06,11.06,11.06,900
16-Jun-05,11.13,11.13,11.13,11.13,300
15-Jun-05,11.52,11.52,11.45,11.45,2100
14-Jun-05,-,-,-,11.30,0
13-Jun-05,11.35,11.52,11.30,11.30,2000
10-Jun-05,11.25,11.25,11.20,11.20,2400
9-Jun-05,11.25,11.25,11.25,11.25,6600
8-Jun-05,11.01,11.09,11.01,11.01,6600
7-Jun-05,-,-,-,11.01,0
6-Jun-05,11.01,11.01,11.01,11.01,1900
3-Jun-05,11.54,11.54,11.40,11.45,3300
2-Jun-05,11.28,11.40,11.25,11.25,3400
1-Jun-05,11.25,11.25,11.01,11.15,8000
31-May-05,11.16,11.16,11.16,11.16,1000
27-May-05,11.15,11.28,11.15,11.28,6500
26-May-05,11.09,11.09,11.05,11.09,2400
25-May-05,11.09,11.26,11.09,11.15,5100
24-May-05,11.15,11.27,11.15,11.15,5700
23-May-05,-,-,-,11.15,0
20-May-05,11.15,11.15,11.15,11.15,100
19-May-05,-,-,-,11.15,0
18-May-05,11.09,11.25,11.09,11.15,6400
17-May-05,11.24,11.24,11.24,11.24,300
16-May-05,11.09,11.28,11.09,11.10,900
13-May-05,10.86,11.09,10.86,11.09,6600
12-May-05,11.10,11.10,11.09,11.09,2500
11-May-05,11.34,11.34,11.28,11.28,300
10-May-05,11.34,11.34,11.34,11.34,300
9-May-05,11.20,11.23,11.09,11.22,4600
6-May-05,11.08,11.08,11.08,11.08,400
5-May-05,11.19,11.19,11.15,11.15,3100
4-May-05,11.21,11.24,11.02,11.24,1400
3-May-05,11.12,11.40,11.02,11.40,13300
2-May-05,11.50,11.50,11.17,11.17,1500
29-Apr-05,11.50,11.50,11.16,11.16,5900
28-Apr-05,11.50,11.50,11.50,11.50,300
27-Apr-05,11.50,11.50,11.20,11.36,4000
26-Apr-05,11.47,11.47,11.32,11.32,5500
25-Apr-05,11.50,11.50,11.43,11.45,4600
22-Apr-05,11.50,11.50,11.20,11.50,35900
21-Apr-05,11.49,11.50,11.41,11.50,5300
20-Apr-05,11.20,11.48,11.13,11.48,14200
19-Apr-05,11.50,11.50,11.12,11.13,900
18-Apr-05,11.45,11.48,11.45,11.48,1000
15-Apr-05,11.45,11.45,11.15,11.15,8100
14-Apr-05,11.50,11.50,11.50,11.50,100
13-Apr-05,11.60,11.60,11.02,11.02,4500
12-Apr-05,11.74,11.74,10.86,11.20,33000
11-Apr-05,11.78,11.78,11.50,11.74,2100
8-Apr-05,11.60,11.60,11.60,11.60,600
7-Apr-05,11.45,11.45,11.45,11.45,1100
6-Apr-05,11.61,11.65,11.52,11.65,42200
5-Apr-05,11.65,11.65,11.48,11.52,9100
4-Apr-05,11.70,11.70,11.70,11.70,100
1-Apr-05,11.81,11.81,11.66,11.70,9200
31-Mar-05,11.81,11.88,11.75,11.75,20000
30-Mar-05,11.38,12.00,11.38,11.75,16200
29-Mar-05,11.25,11.40,11.08,11.29,4800
28-Mar-05,11.17,11.18,11.09,11.09,2200
24-Mar-05,11.32,11.32,11.18,11.20,8700
23-Mar-05,11.80,11.80,11.35,11.43,8100
22-Mar-05,11.62,11.62,11.50,11.50,11200
21-Mar-05,11.75,11.75,11.75,11.75,200
18-Mar-05,11.84,11.84,11.33,11.60,34500
17-Mar-05,11.85,11.95,11.85,11.95,8000
16-Mar-05,11.90,11.90,11.90,11.90,500
15-Mar-05,11.81,12.00,11.81,12.00,5700
14-Mar-05,12.01,12.11,11.77,11.77,4200
11-Mar-05,12.03,12.03,12.03,12.03,500
10-Mar-05,12.15,12.17,12.01,12.17,5100
9-Mar-05,12.15,12.30,12.10,12.15,22100
8-Mar-05,12.21,12.44,12.21,12.44,2500
7-Mar-05,12.24,12.35,12.21,12.21,2400
4-Mar-05,12.12,12.39,12.12,12.25,13200
3-Mar-05,12.03,12.44,12.03,12.40,4700
2-Mar-05,12.09,12.10,11.90,12.00,2300
1-Mar-05,12.11,12.11,12.05,12.10,1600
28-Feb-05,12.01,12.08,12.01,12.08,2200
25-Feb-05,12.00,12.05,11.91,12.04,3700
24-Feb-05,12.05,12.11,11.90,12.11,15700
23-Feb-05,12.04,12.11,11.95,12.07,5900
22-Feb-05,12.16,12.16,11.77,11.88,11500
18-Feb-05,12.35,12.45,12.21,12.21,3400
17-Feb-05,12.22,12.34,12.20,12.34,3100
16-Feb-05,12.22,12.30,12.20,12.21,3600
15-Feb-05,12.16,12.30,12.12,12.30,2200
14-Feb-05,12.41,12.41,12.19,12.22,5200
11-Feb-05,12.39,12.41,12.39,12.41,4400
10-Feb-05,12.26,12.40,12.25,12.39,3200
9-Feb-05,12.38,12.40,12.36,12.36,8100
8-Feb-05,12.39,12.45,12.36,12.36,10600
7-Feb-05,12.43,12.44,12.38,12.38,2500
4-Feb-05,12.36,12.61,12.35,12.35,12600
3-Feb-05,12.42,12.48,12.35,12.35,2000
2-Feb-05,12.45,13.05,12.32,12.40,29700
1-Feb-05,12.36,12.50,12.30,12.45,28900
31-Jan-05,12.33,12.33,12.14,12.23,6000
28-Jan-05,12.16,12.26,12.05,12.26,13600
27-Jan-05,12.19,12.22,12.10,12.14,11100
26-Jan-05,12.10,12.23,12.10,12.23,1000
25-Jan-05,12.24,12.60,12.05,12.10,7700
24-Jan-05,12.06,12.35,12.05,12.05,16200
21-Jan-05,12.16,12.25,12.15,12.15,2500
20-Jan-05,12.15,12.27,12.15,12.26,7500
19-Jan-05,12.14,12.51,12.14,12.17,7300
18-Jan-05,12.25,12.25,12.05,12.05,4100
14-Jan-05,12.70,12.70,12.09,12.48,4900
13-Jan-05,12.26,12.73,12.10,12.12,4700
12-Jan-05,12.99,12.99,12.44,12.58,8900
11-Jan-05,12.30,12.45,12.25,12.45,1300
10-Jan-05,12.45,12.50,12.43,12.43,1000
7-Jan-05,12.00,12.90,11.88,12.20,10600
6-Jan-05,12.30,12.40,12.05,12.05,16500
5-Jan-05,12.80,12.80,12.30,12.55,11200
4-Jan-05,-,-,-,12.98,0
3-Jan-05,12.98,12.98,12.98,12.98,300
31-Dec-04,12.75,12.75,12.55,12.60,46500
30-Dec-04,13.04,13.05,12.75,12.75,8400
29-Dec-04,13.08,13.13,12.87,12.89,53600
28-Dec-04,12.95,13.12,12.93,13.09,13300
27-Dec-04,-,-,-,13.00,0
23-Dec-04,12.85,13.00,12.85,13.00,5900
22-Dec-04,13.00,13.04,13.00,13.04,1900
21-Dec-04,-,-,-,13.00,0
20-Dec-04,13.00,13.00,12.95,13.00,11900
17-Dec-04,13.20,13.20,13.00,13.05,19000
16-Dec-04,13.00,13.10,13.00,13.10,10800
15-Dec-04,13.01,13.08,13.01,13.08,400
14-Dec-04,13.00,13.08,13.00,13.07,4200
13-Dec-04,13.00,13.24,12.75,12.93,6100
10-Dec-04,12.45,12.50,12.43,12.50,2000
9-Dec-04,12.28,12.40,12.27,12.40,15500
8-Dec-04,12.29,12.35,12.27,12.30,8500
7-Dec-04,12.15,12.19,12.15,12.19,600
6-Dec-04,12.00,12.15,12.00,12.15,20000
3-Dec-04,12.37,12.37,12.00,12.00,39500
2-Dec-04,11.94,12.39,11.94,12.35,27900
1-Dec-04,-,-,-,11.68,0
30-Nov-04,11.50,11.88,11.49,11.68,13600
29-Nov-04,11.51,11.55,11.25,11.43,14700
26-Nov-04,-,-,-,11.50,0
24-Nov-04,11.45,11.59,11.45,11.50,17700
23-Nov-04,11.11,11.48,11.10,11.45,17500
22-Nov-04,11.26,11.43,10.91,11.05,17700
19-Nov-04,11.26,11.45,11.12,11.28,13300
18-Nov-04,11.18,11.39,11.11,11.35,12000
17-Nov-04,11.29,11.39,11.21,11.29,2800
16-Nov-04,11.33,11.33,11.15,11.16,24600
15-Nov-04,11.45,11.45,11.45,11.45,200
12-Nov-04,11.45,11.50,11.38,11.48,4500
11-Nov-04,11.40,11.50,11.35,11.35,30700
10-Nov-04,11.45,11.50,11.45,11.50,2900
9-Nov-04,11.40,11.50,11.40,11.45,4100
8-Nov-04,11.44,11.49,11.30,11.35,7200
5-Nov-04,11.48,11.50,11.39,11.48,3600
4-Nov-04,11.44,11.44,11.38,11.38,2700
3-Nov-04,11.21,11.60,11.18,11.47,5100
2-Nov-04,11.40,11.53,11.21,11.21,5400
1-Nov-04,11.14,11.40,11.14,11.40,5100
29-Oct-04,11.08,11.15,11.01,11.15,4500
28-Oct-04,11.01,11.08,11.01,11.07,1400
27-Oct-04,11.08,11.22,11.07,11.10,18000
26-Oct-04,11.10,11.11,11.08,11.08,4600
25-Oct-04,11.12,11.14,11.07,11.08,5800
22-Oct-04,11.28,11.50,11.16,11.35,3400
21-Oct-04,11.35,11.35,11.15,11.22,1400
20-Oct-04,11.30,11.35,11.20,11.35,2500
19-Oct-04,11.10,11.60,11.10,11.10,8700
18-Oct-04,11.05,11.10,11.02,11.10,28100
15-Oct-04,11.15,11.15,11.11,11.11,1800
14-Oct-04,11.40,11.42,11.00,11.00,8400
13-Oct-04,11.56,11.56,11.35,11.41,3000
12-Oct-04,11.69,11.69,11.60,11.60,400
11-Oct-04,11.80,11.80,11.50,11.59,1900
8-Oct-04,11.64,11.70,11.55,11.59,4800
7-Oct-04,11.88,11.88,11.58,11.63,1600
6-Oct-04,11.87,11.90,11.63,11.65,5800
5-Oct-04,11.73,11.86,11.67,11.70,3100
4-Oct-04,11.78,11.90,11.54,11.73,8100
1-Oct-04,11.65,11.91,11.50,11.60,9100
30-Sep-04,11.50,11.79,11.33,11.40,5100
29-Sep-04,11.82,11.82,11.27,11.45,15100
28-Sep-04,12.00,12.02,11.91,12.00,500
27-Sep-04,12.05,12.31,11.97,12.18,6600
24-Sep-04,12.20,12.25,12.04,12.05,4700
23-Sep-04,12.04,12.25,11.98,11.98,1100
22-Sep-04,12.00,12.02,11.63,11.95,11100
21-Sep-04,11.50,11.99,11.50,11.99,8500
20-Sep-04,11.32,11.50,11.29,11.49,4200
17-Sep-04,11.45,11.45,11.15,11.16,2200
16-Sep-04,11.04,11.31,11.03,11.16,10200
15-Sep-04,11.05,11.06,10.95,10.95,1600
14-Sep-04,11.15,11.15,10.84,10.96,4400
13-Sep-04,10.98,11.14,10.77,11.01,8600
10-Sep-04,10.94,10.94,10.75,10.90,20500
9-Sep-04,10.90,10.90,10.81,10.81,1800
8-Sep-04,10.90,10.95,10.90,10.95,700
7-Sep-04,10.80,11.00,10.80,11.00,3100
3-Sep-04,10.95,10.95,10.95,10.95,300
2-Sep-04,10.95,10.95,10.87,10.95,5300
1-Sep-04,10.96,11.04,10.96,11.00,6900
31-Aug-04,11.04,11.06,10.82,10.84,5800
30-Aug-04,10.90,11.00,10.83,10.99,3400
27-Aug-04,10.88,11.00,10.85,10.90,4600
26-Aug-04,11.00,11.00,11.00,11.00,300
25-Aug-04,10.88,11.05,10.88,11.05,3200
24-Aug-04,11.12,11.15,11.06,11.06,2900
23-Aug-04,10.94,11.15,10.93,11.15,2300
20-Aug-04,10.94,10.95,10.94,10.95,1300
19-Aug-04,10.89,10.95,10.85,10.95,3900
18-Aug-04,10.87,10.94,10.87,10.94,200
17-Aug-04,-,-,-,11.00,0
16-Aug-04,11.00,11.00,11.00,11.00,4800
13-Aug-04,11.10,11.15,11.10,11.15,8900
12-Aug-04,10.90,11.00,10.89,11.00,9400
11-Aug-04,-,-,-,10.92,0
10-Aug-04,11.10,11.10,10.92,10.92,6200
9-Aug-04,11.09,11.10,10.94,11.10,6400
6-Aug-04,11.14,11.14,11.13,11.13,500
5-Aug-04,11.15,11.15,10.92,11.05,1700
4-Aug-04,11.19,11.19,11.03,11.03,400
3-Aug-04,10.97,11.20,10.97,11.20,1000
2-Aug-04,10.96,11.20,10.96,11.20,200
30-Jul-04,11.00,11.20,11.00,11.19,2900
29-Jul-04,10.74,11.00,10.74,10.92,2300
28-Jul-04,10.95,10.95,10.66,10.66,3200
27-Jul-04,10.99,11.00,10.98,11.00,7100
26-Jul-04,10.50,11.10,10.50,10.99,7800
23-Jul-04,10.49,10.49,10.49,10.49,900
22-Jul-04,10.47,10.50,10.47,10.50,2300
21-Jul-04,10.60,10.60,10.55,10.55,1000
20-Jul-04,10.70,10.70,10.62,10.62,1600
19-Jul-04,10.74,10.79,10.74,10.79,900
16-Jul-04,-,-,-,10.75,0
15-Jul-04,10.61,10.75,10.52,10.75,2300
14-Jul-04,-,-,-,10.61,0
13-Jul-04,10.71,10.72,10.61,10.61,1200
12-Jul-04,10.52,10.52,10.51,10.51,1100
9-Jul-04,10.62,10.89,10.62,10.62,2200
8-Jul-04,10.51,10.88,10.51,10.66,5600
7-Jul-04,10.60,10.65,10.60,10.61,6000
6-Jul-04,10.59,10.60,10.51,10.60,2700
2-Jul-04,10.65,10.65,10.65,10.65,1500
1-Jul-04,10.49,10.65,10.49,10.65,9000
30-Jun-04,10.60,10.60,10.55,10.55,400
29-Jun-04,10.60,10.74,10.60,10.60,1200
28-Jun-04,10.25,10.66,10.25,10.60,6300
25-Jun-04,10.75,10.75,10.75,10.75,100
24-Jun-04,10.49,10.63,10.49,10.53,6100
23-Jun-04,10.39,10.50,10.39,10.50,7500
22-Jun-04,10.40,10.40,10.40,10.40,10100
21-Jun-04,10.41,10.41,10.39,10.40,4200
18-Jun-04,10.25,10.50,10.25,10.26,15700
17-Jun-04,10.50,10.59,10.26,10.26,15500
16-Jun-04,10.35,10.59,10.35,10.59,24300
15-Jun-04,10.64,10.64,10.59,10.59,800
14-Jun-04,10.60,10.60,10.40,10.60,1600
10-Jun-04,10.80,10.81,10.80,10.80,30300
9-Jun-04,11.73,11.73,10.80,10.80,2400
8-Jun-04,11.73,11.73,10.80,10.80,2100
7-Jun-04,10.90,11.00,10.82,11.00,2700
4-Jun-04,11.24,11.24,10.96,10.96,300
3-Jun-04,10.68,11.60,10.68,11.14,6200
2-Jun-04,10.80,10.80,10.69,10.70,6700
1-Jun-04,10.85,10.85,10.80,10.85,5600
28-May-04,10.50,10.85,10.50,10.85,6400
27-May-04,10.27,10.50,10.17,10.50,6000
26-May-04,10.28,10.50,10.28,10.50,4700
25-May-04,10.50,10.50,10.50,10.50,200
24-May-04,10.49,10.50,10.49,10.50,1200
21-May-04,10.40,10.49,10.40,10.48,10700
20-May-04,10.36,10.40,10.30,10.30,2300
19-May-04,10.55,10.55,10.50,10.50,4600
18-May-04,10.60,10.60,10.52,10.52,1400
17-May-04,10.70,10.70,10.53,10.55,2600
14-May-04,10.36,10.80,10.36,10.80,5800
13-May-04,10.33,10.47,10.33,10.45,8100
12-May-04,10.50,10.60,10.36,10.36,8200
11-May-04,10.58,10.60,10.50,10.51,30100
10-May-04,10.70,10.70,10.60,10.61,6300
7-May-04,10.90,10.93,10.75,10.89,13400
6-May-04,10.95,11.05,10.69,10.95,9400
5-May-04,10.89,11.15,10.85,11.00,32800
4-May-04,10.80,11.12,10.80,10.87,26400
3-May-04,10.82,10.90,10.81,10.81,2300
30-Apr-04,10.92,10.99,10.74,10.76,15500
29-Apr-04,11.11,11.11,10.80,10.91,18000
28-Apr-04,11.00,11.23,11.00,11.07,14400
27-Apr-04,11.13,11.13,11.10,11.10,3400
26-Apr-04,11.80,11.80,11.31,11.32,5000
23-Apr-04,11.10,11.34,11.10,11.15,5300
22-Apr-04,11.01,11.23,11.01,11.18,4300
21-Apr-04,11.24,11.25,11.24,11.24,7700
20-Apr-04,11.65,12.00,11.05,11.25,21100
19-Apr-04,11.25,11.45,11.25,11.35,3700
16-Apr-04,11.23,11.45,11.05,11.25,19200
15-Apr-04,10.90,11.90,10.90,10.96,29900
14-Apr-04,12.33,12.33,11.19,11.22,67100
13-Apr-04,12.85,12.85,12.34,12.45,12500
12-Apr-04,12.90,12.95,12.89,12.89,7800
8-Apr-04,12.95,13.00,12.93,12.93,8900
7-Apr-04,13.01,13.08,12.95,12.95,4300
6-Apr-04,13.08,13.08,13.04,13.04,8500
5-Apr-04,13.10,13.11,13.08,13.10,4000
2-Apr-04,13.17,13.17,13.04,13.16,22000
1-Apr-04,13.16,13.49,13.16,13.16,24400
31-Mar-04,13.36,13.36,13.21,13.21,5600
30-Mar-04,13.20,13.35,13.20,13.30,1900
29-Mar-04,13.20,13.20,13.20,13.20,300
26-Mar-04,13.30,13.33,13.20,13.21,14000
25-Mar-04,13.50,13.50,13.39,13.39,3500
24-Mar-04,13.60,13.60,13.57,13.57,2900
23-Mar-04,13.75,13.75,13.60,13.74,1600
22-Mar-04,13.75,13.75,13.60,13.60,2400
19-Mar-04,13.60,13.65,13.60,13.61,3000
18-Mar-04,13.75,13.75,13.60,13.60,9300
17-Mar-04,13.67,13.75,13.67,13.75,600
16-Mar-04,13.54,13.65,13.54,13.65,4200
15-Mar-04,13.51,13.65,13.51,13.65,1000
12-Mar-04,13.60,13.65,13.60,13.61,4500
11-Mar-04,13.50,13.50,13.45,13.45,500
10-Mar-04,13.59,13.59,13.40,13.59,1600
9-Mar-04,13.39,13.50,13.39,13.42,9900
8-Mar-04,13.29,13.49,13.29,13.49,12500
5-Mar-04,13.35,13.35,13.31,13.31,2700
4-Mar-04,13.35,13.35,13.31,13.31,3000
3-Mar-04,-,-,-,13.31,0
2-Mar-04,13.35,13.35,13.31,13.31,4100
1-Mar-04,13.29,13.30,13.29,13.30,19800
27-Feb-04,13.30,13.35,13.30,13.35,10000
26-Feb-04,13.25,13.35,13.25,13.35,14500
25-Feb-04,13.40,13.40,13.25,13.40,32700
24-Feb-04,13.40,13.60,13.30,13.35,16800
23-Feb-04,13.60,13.62,13.38,13.40,18900
20-Feb-04,13.52,13.75,13.52,13.63,9800
19-Feb-04,13.63,13.75,13.61,13.65,13100
18-Feb-04,13.58,13.75,13.52,13.61,22300
17-Feb-04,13.47,13.67,13.40,13.51,14700
13-Feb-04,13.50,13.50,13.37,13.37,14900
12-Feb-04,13.50,13.56,13.45,13.50,23600
11-Feb-04,13.44,13.49,13.36,13.48,22400
10-Feb-04,13.31,13.44,13.31,13.34,30300
9-Feb-04,13.21,13.50,13.21,13.30,20200
6-Feb-04,13.56,13.56,13.35,13.42,23500
5-Feb-04,13.20,13.49,13.20,13.30,14000
4-Feb-04,13.30,13.33,13.20,13.20,28000
3-Feb-04,13.20,13.35,13.20,13.30,16900
2-Feb-04,13.30,13.56,13.30,13.30,44900
30-Jan-04,13.20,13.56,13.20,13.30,46400
29-Jan-04,13.00,13.37,13.00,13.31,59600
28-Jan-04,13.15,13.27,13.05,13.27,66500
27-Jan-04,13.15,13.15,13.08,13.14,24500
26-Jan-04,13.00,13.23,13.00,13.15,22700
23-Jan-04,13.26,13.26,13.00,13.17,71900
22-Jan-04,13.15,13.23,13.15,13.22,27900
21-Jan-04,13.23,13.25,13.05,13.15,28700
20-Jan-04,13.20,13.23,13.15,13.18,51200
16-Jan-04,13.23,13.23,13.10,13.15,36000
15-Jan-04,13.10,13.25,13.10,13.22,27400
14-Jan-04,13.30,13.33,13.04,13.15,54200
13-Jan-04,13.50,13.50,13.25,13.35,34100
12-Jan-04,13.55,13.55,13.30,13.47,63400
9-Jan-04,13.45,13.59,13.45,13.49,134200
8-Jan-04,13.56,13.71,13.40,13.45,113800
7-Jan-04,13.40,13.60,13.30,13.52,240300
6-Jan-04,13.75,13.75,13.00,13.32,933400
